registration_area,registration_region,tot_number_new_cases,pop_number,prob,infections10,infections100,infections500,infections1000
Вінницька,Барський район,102,50000,0.00204,0,0,1,2
Вінницька,Бершадський район,180,56776,0.00317035367056503,0,0,2,3
Вінницька,Вінницький район,420,81278,0.0051674499864662,0,1,3,5
Вінницька,Вінниця,3087,370707,0.0083273312885918,0,1,4,8
Вінницька,Гайсинський район,165,55331,0.00298205346008567,0,0,1,3
Вінницька,Жмеринка,177,34353,0.00515238843769103,0,1,3,5
Вінницька,Жмеринський район,114,32552,0.00350208896534775,0,0,2,4
Вінницька,Іллінецький район,198,36249,0.00546221964743855,0,1,3,5
Вінницька,Калинівський район,264,56268,0.00469183194711026,0,0,2,5
Вінницька,Козятин,177,22951,0.0077120822622108,0,1,4,8
Вінницька,Козятинський район,165,37618,0.00438619809665586,0,0,2,4
Вінницька,Крижопільський район,18,32134,0.000560154353644115,0,0,0,1
Вінницька,Ладижин,18,22589,0.000796848023374209,0,0,0,1
Вінницька,Липовецький район,156,36123,0.00431857819118013,0,0,2,4
Вінницька,Літинський район,177,33691,0.00525362856549227,0,1,3,5
Вінницька,Могилів-Подільський,39,30389,0.00128335911020435,0,0,1,1
Вінницька,Могилів-Подільський район,12,31793,0.000377441575189507,0,0,0,0
Вінницька,Мурованокуриловецький район,15,23971,0.000625756121980727,0,0,0,1
Вінницька,Немирівський район,198,46906,0.0042212083741952,0,0,2,4
Вінницька,Оратівський район,21,19809,0.00106012418597607,0,0,1,1
Вінницька,Піщанський район,33,20021,0.00164826931721692,0,0,1,2
Вінницька,Погребищенський район,63,28321,0.00222449772253805,0,0,1,2
Вінницька,Теплицький район,177,26946,0.00656869294143843,0,1,3,7
Вінницька,Тиврівський район,444,40873,0.0108629168399677,0,1,5,11
Вінницька,Томашпільський район,177,31944,0.00554094665664914,0,1,3,6
Вінницька,Тростянецький район,18,34304,0.000524720149253731,0,0,0,1
Вінницька,Тульчинський район,117,53426,0.00218994497061356,0,0,1,2
Вінницька,Хмільник,96,27398,0.00350390539455435,0,0,2,4
Вінницька,Хмільницький район,81,34576,0.00234266543267006,0,0,1,2
Вінницька,Чернівецький район,9,20209,0.000445346132911079,0,0,0,0
Вінницька,Чечельницький район,21,20120,0.00104373757455268,0,0,1,1
Вінницька,Шаргородський район,123,55359,0.00222186094401994,0,0,1,2
Вінницька,Ямпільський район,54,38110,0.00141695093151404,0,0,1,1
Волинська,Благодатне,21,4666,0.00450064294899271,0,0,2,5
Волинська,Володимир-Волинський,651,38340,0.0169796557120501,0,2,8,17
Волинська,Володимир-Волинський район,153,24545,0.00623344876756977,0,1,3,6
Волинська,Горохівський район,333,50220,0.00663082437275986,0,1,3,7
Волинська,Іваничівський район,144,31231,0.00461080336844802,0,0,2,5
Волинська,Камінь-Каширський район,273,63919,0.00427103052300568,0,0,2,4
Волинська,Ківерцівський район,576,63576,0.00906002265005663,0,1,5,9
Волинська,Ковель,759,68240,0.0111225087924971,0,1,6,11
Волинська,Ковельський район,183,40395,0.0045302636464909,0,0,2,5
Волинська,Локачинський район,153,21586,0.00708792736032614,0,1,4,7
Волинська,Луцьк,63,217315,0.000289901755516186,0,0,0,0
Волинська,Луцький район,216,66875,0.00322990654205607,0,0,2,3
Волинська,Любешівський район,246,35134,0.00700176467239711,0,1,4,7
Волинська,Любомльський район,189,38578,0.00489916532738867,0,0,2,5
Волинська,Маневицький район,384,53481,0.00718012004263196,0,1,4,7
Волинська,Нововолинськ,471,51010,0.00923348363066065,0,1,5,9
Волинська,Ратнівський район,198,51817,0.00382113978038096,0,0,2,4
Волинська,Рожищенський район,249,38359,0.00649130582131964,0,1,3,6
Волинська,Старовижівський район,99,29660,0.0033378287255563,0,0,2,3
Волинська,Турійський район,276,25889,0.0106608984510796,0,1,5,11
Волинська,Шацький район,66,16585,0.00397949954778414,0,0,2,4
Дніпропетровська,Апостолівський район,39,52509,0.000742729817745529,0,0,0,1
Дніпропетровська,Васильківський район,9,31093,0.000289454217991188,0,0,0,0
Дніпропетровська,Верхньодніпровський район,66,51469,0.00128232528318017,0,0,1,1
Дніпропетровська,Вільногірськ,3,22675,0.000132304299889746,0,0,0,0
Дніпропетровська,Дніпро,1173,990724,0.00118398262280918,0,0,1,1
Дніпропетровська,Дніпровський район,33,83879,0.000393423860561046,0,0,0,0
Дніпропетровська,Жовті Води,42,43591,0.00096350164024684,0,0,0,1
Дніпропетровська,Кам’янське,66,231915,0.000284587025418796,0,0,0,0
Дніпропетровська,Карнаухівка,0,6645,0,0,0,0,0
Дніпропетровська,Кривий Ріг,801,619278,0.00129344171761309,0,0,1,1
Дніпропетровська,Криворізький район,33,43807,0.000753304266441436,0,0,0,1
Дніпропетровська,Криничанський район,24,34133,0.000703131866522134,0,0,0,1
Дніпропетровська,Магдалинівський район,0,32844,0,0,0,0,0
Дніпропетровська,Марганець,0,46097,0,0,0,0,0
Дніпропетровська,Межівський район,3,22579,0.000132866823154258,0,0,0,0
Дніпропетровська,Нікополь,33,109122,0.000302413812063562,0,0,0,0
Дніпропетровська,Нікопольський район,3,38879,7.71624784588081e-05,0,0,0,0
Дніпропетровська,Новомосковськ,102,70357,0.00144974913654647,0,0,1,1
Дніпропетровська,Новомосковський район,21,71613,0.000293242846969126,0,0,0,0
Дніпропетровська,П'ятихатський район,66,43469,0.00151832340288481,0,0,1,2
Дніпропетровська,Павлоград,141,104225,0.00135284240825138,0,0,1,1
Дніпропетровська,Павлоградський район,3,26723,0.000112262844740486,0,0,0,0
Дніпропетровська,Першотравенськ,36,27892,0.00129069267173383,0,0,1,1
Дніпропетровська,Петриківський район,21,24479,0.000857878181298256,0,0,0,1
Дніпропетровська,Петропавлівський район,15,25119,0.000597157530156455,0,0,0,1
Дніпропетровська,Покров,3,38570,7.7780658542909e-05,0,0,0,0
Дніпропетровська,Покровський район,33,33134,0.000995955815778355,0,0,0,1
Дніпропетровська,Синельниківський район,21,36845,0.000569955217804315,0,0,0,1
Дніпропетровська,Синельникове,18,30321,0.000593647966755714,0,0,0,1
Дніпропетровська,Солонянський район,9,37429,0.000240455261962649,0,0,0,0
Дніпропетровська,Софіївський район,6,20562,0.000291800408520572,0,0,0,0
Дніпропетровська,Тернівка,39,27635,0.00141125384476208,0,0,1,1
Дніпропетровська,Томаківський район,3,23749,0.00012632110825719,0,0,0,0
Дніпропетровська,Царичанський район,114,26079,0.00437133325664328,0,0,2,4
Дніпропетровська,Широківський район,3,25696,0.000116749688667497,0,0,0,0
Дніпропетровська,Юр'ївський район,15,12643,0.00118642727200823,0,0,1,1
Донецька,Авдіївка,33,32436,0.0010173880873104,0,0,1,1
Донецька,Бахмут,447,73212,0.00610555646615309,0,1,3,6
Донецька,Бахмутський район,78,105040,0.000742574257425743,0,0,0,1
Донецька,Білицьке,45,8047,0.00559214614141916,0,1,3,6
Донецька,Білозерське,69,15099,0.00456983906218955,0,0,2,5
Донецька,Великоновосілківський район,249,37144,0.00670363988800345,0,1,3,7
Донецька,Вишневе,0,253,0,0,0,0,0
Донецька,Водянське,3,1436,0.0020891364902507,0,0,1,2
Донецька,Волноваський район,177,95805,0.0018475027399405,0,0,1,2
Донецька,Вугледар,138,14616,0.00944170771756979,0,1,5,9
Донецька,Гірник,24,10725,0.00223776223776224,0,0,1,2
Донецька,Добропілля,312,29129,0.0107109753166947,0,1,5,11
Донецька,Добропільський район,42,14901,0.00281860277833702,0,0,1,3
Донецька,Дружківка,192,55984,0.00342955130037153,0,0,2,3
Донецька,Залізне,0,5105,0,0,0,0,0
Донецька,Комишуваха,0,507,0,0,0,0,0
Донецька,Костянтинівка,150,69817,0.00214847386739619,0,0,1,2
Донецька,Костянтинівський район,0,17166,0,0,0,0,0
Донецька,Краматорськ,1719,152120,0.0113002892453326,0,1,6,11
Донецька,Красна Гора,0,612,0,0,0,0,0
Донецька,Курахівка,3,2726,0.00110051357300073,0,0,1,1
Донецька,Лиман,225,20768,0.0108339753466872,0,1,5,11
Донецька,Лиманський район,30,21799,0.00137620991788614,0,0,1,1
Донецька,Мангушський район,153,25524,0.00599435825105783,0,1,3,6
Донецька,Мар'їнський район,198,79117,0.0025026226980295,0,0,1,3
Донецька,Маріуполь,3618,436569,0.00828734976601637,0,1,4,8
Донецька,Миколаївка,354,14564,0.024306509200769,0,2,12,24
Донецька,Мирноград,258,47460,0.00543615676359039,0,1,3,5
Донецька,Миронівський,0,7472,0,0,0,0,0
Донецька,Нікольський район,177,27337,0.00647474119325456,0,1,3,6
Донецька,Новоазовський район,0,26952,0,0,0,0,0
Донецька,Новогродівка,54,14481,0.00372902423865755,0,0,2,4
Донецька,Новодонецьке,12,5734,0.00209277990931287,0,0,1,2
Донецька,Олександрівський район,84,17615,0.0047686630712461,0,0,2,5
Донецька,Олексієво-Дружківка,12,7148,0.00167879127028539,0,0,1,2
Донецька,Північне,3,9360,0.000320512820512821,0,0,0,0
Донецька,Покровськ,210,61770,0.00339970859640602,0,0,2,3
Донецька,Покровський район,96,29449,0.00325987300078101,0,0,2,3
Донецька,Сартана,45,10240,0.00439453125,0,0,2,4
Донецька,Світлодарськ,3,11421,0.00026267402153927,0,0,0,0
Донецька,Святогірськ,30,4369,0.00686655985351339,0,1,3,7
Донецька,Селидове,57,22276,0.00255880768540133,0,0,1,3
Донецька,Слов'янський район,2208,45917,0.048086765250343,0,5,24,48
Донецька,Соледар,30,10867,0.00276065151375725,0,0,1,3
Донецька,Старий Крим,45,5858,0.00768180266302492,0,1,4,8
Донецька,Талаківка,12,3926,0.00305654610290372,0,0,2,3
Донецька,Торецьк,336,32027,0.0104911480937959,0,1,5,10
Донецька,Українськ,18,11035,0.00163117353874037,0,0,1,2
Донецька,Цукурине,9,1784,0.00504484304932735,0,1,3,5
Донецька,Часів Яр,30,12756,0.00235183443085607,0,0,1,2
Донецька,Ясинуватський район,0,25942,0,0,0,0,0
Житомирська,Андрушівський район,372,32030,0.0116141117702154,0,1,6,12
Житомирська,Баранівський район,435,38510,0.0112957673331602,0,1,6,11
Житомирська,Бердичів,1047,74839,0.0139900319352209,0,1,7,14
Житомирська,Бердичівський район,729,27587,0.0264254902671548,0,3,13,26
Житомирська,Брусилівський район,120,14539,0.00825366256276223,0,1,4,8
Житомирська,Ємільчинський район,540,31615,0.0170804997627708,0,2,9,17
Житомирська,Житомир,3810,264318,0.0144144553151885,0,1,7,14
Житомирська,Житомирський район,1161,72213,0.016077437580491,0,2,8,16
Житомирська,Коростенський район,210,25297,0.00830137961023046,0,1,4,8
Житомирська,Коростень,996,62833,0.0158515429790078,0,2,8,16
Житомирська,Коростишівський район,483,39432,0.0122489348752282,0,1,6,12
Житомирська,Лугинський район,312,15691,0.019884009942005,0,2,10,20
Житомирська,Любарський район,600,26032,0.0230485556238476,0,2,12,23
Житомирська,Малин,477,25831,0.0184661840424296,0,2,9,18
Житомирська,Малинський район,111,18010,0.00616324264297612,0,1,3,6
Житомирська,Народицький район,192,9458,0.0203002748995559,0,2,10,20
Житомирська,Новоград-Волинський,1044,55790,0.0187130310091414,0,2,9,19
Житомирська,Новоград-Волинський район,234,43789,0.00534380780561328,0,1,3,5
Житомирська,Овруцький район,741,53916,0.0137436011573559,0,1,7,14
Житомирська,Олевський район,324,40721,0.00795658259865917,0,1,4,8
Житомирська,Попільнянський район,402,30106,0.0133528200358732,0,1,7,13
Житомирська,Пулинський район,345,22193,0.0155454422565674,0,2,8,16
Житомирська,Радомишльський район,192,36069,0.00532313066622307,0,1,3,5
Житомирська,Романівський район,357,27334,0.0130606570571449,0,1,7,13
Житомирська,Ружинський район,51,25520,0.00199843260188088,0,0,1,2
Житомирська,Хорошівський район,354,33828,0.0104647037956722,0,1,5,10
Житомирська,Черняхівський район,681,27464,0.0247960967084183,0,2,12,25
Житомирська,Чуднівський район,399,33247,0.0120010828044636,0,1,6,12
Закарпатська,Берегівський район,369,50196,0.007351183361224,0,1,4,7
Закарпатська,Берегове,459,23571,0.0194730813287514,0,2,10,19
Закарпатська,Великоберезнянський район,810,26060,0.0310821181887951,0,3,16,31
Закарпатська,Виноградівський район,543,120795,0.00449521917297901,0,0,2,4
Закарпатська,Воловецький район,195,23709,0.00822472478805517,0,1,4,8
Закарпатська,Іршавський район,384,100294,0.00382874349412727,0,0,2,4
Закарпатська,Міжгірський район,159,47360,0.00335726351351351,0,0,2,3
Закарпатська,Мукачево,525,85796,0.00611916639470372,0,1,3,6
Закарпатська,Мукачівський район,483,99518,0.0048533933559758,0,0,2,5
Закарпатська,Перечинський район,489,31688,0.0154317091643524,0,2,8,15
Закарпатська,Рахівський район,438,92543,0.00473293495996456,0,0,2,5
Закарпатська,Свалявський район,423,54138,0.00781336584284606,0,1,4,8
Закарпатська,Тячівський район,396,175048,0.00226223664366345,0,0,1,2
Закарпатська,Ужгород,1581,115512,0.0136868896738001,0,1,7,14
Закарпатська,Ужгородський район,963,71640,0.0134422110552764,0,1,7,13
Закарпатська,Хуст,201,28321,0.00709720701952615,0,1,4,7
Закарпатська,Хустський район,84,95195,0.000882399285676769,0,0,0,1
Закарпатська,Чоп,93,8819,0.0105454133121669,0,1,5,11
Запорізька,Бердянськ,60,109187,0.000549515968018171,0,0,0,1
Запорізька,Бердянський район,6,24274,0.000247178050589108,0,0,0,0
Запорізька,Більмацький район,9,20922,0.000430169199885288,0,0,0,0
Запорізька,Василівський район,72,60962,0.00118106361339851,0,0,1,1
Запорізька,Великобілозерський район,12,7644,0.00156985871271586,0,0,1,2
Запорізька,Веселівський район,57,20672,0.00275735294117647,0,0,1,3
Запорізька,Вільнянський район,132,45621,0.00289340435325837,0,0,1,3
Запорізька,Гуляйпільський район,0,25337,0,0,0,0,0
Запорізька,Енергодар,150,53343,0.00281199032675328,0,0,1,3
Запорізька,Запоріжжя,3879,731922,0.00529974505480092,0,1,3,5
Запорізька,Запорізький район,72,56364,0.00127741111347669,0,0,1,1
Запорізька,Кам'янсько-Дніпровський район,63,38365,0.00164212172553108,0,0,1,2
Запорізька,Мелітополь,783,151948,0.00515307868481323,0,1,3,5
Запорізька,Мелітопольський район,66,48191,0.00136955033097466,0,0,1,1
Запорізька,Михайлівський район,27,27862,0.000969061804608427,0,0,0,1
Запорізька,Нововасилівка,0,2229,0,0,0,0,0
Запорізька,Новомиколаївський район,6,15068,0.000398194850013273,0,0,0,0
Запорізька,Оріхівський район,144,44114,0.00326426984630729,0,0,2,3
Запорізька,Пологівський район,135,38636,0.00349415053318149,0,0,2,3
Запорізька,Приазовський район,93,26280,0.00353881278538813,0,0,2,4
Запорізька,Приморський район,0,28866,0,0,0,0,0
Запорізька,Розівський район,42,8277,0.00507430228343603,0,1,3,5
Запорізька,Токмак,21,30532,0.000687802960827984,0,0,0,1
Запорізька,Токмацький район,21,21330,0.000984528832630098,0,0,0,1
Запорізька,Чернігівський район,72,16145,0.00445958501083927,0,0,2,4
Запорізька,Якимівський район,0,32490,0,0,0,0,0
Івано-Франківська,Богородчанський район,489,68952,0.00709189001044205,0,1,4,7
Івано-Франківська,Болехів,45,10399,0.00432733916722762,0,0,2,4
Івано-Франківська,Верховинський район,51,30479,0.00167328324420093,0,0,1,2
Івано-Франківська,Ворохта,12,4235,0.00283353010625738,0,0,1,3
Івано-Франківська,Галицький район,450,41948,0.0107275674644798,0,1,5,11
Івано-Франківська,Городенківський район,468,51370,0.00911037570566479,0,1,5,9
Івано-Франківська,Долинський район,360,68266,0.00527348899891601,0,1,3,5
Івано-Франківська,Івано-Франківськ,4401,237686,0.0185160253443619,0,2,9,19
Івано-Франківська,Калуський район,225,57409,0.00391924611123691,0,0,2,4
Івано-Франківська,Калуш,528,66140,0.00798306622316299,0,1,4,8
Івано-Франківська,Коломийський район,936,96573,0.00969214997980802,0,1,5,10
Івано-Франківська,Косівський район,780,86615,0.00900536858511805,0,1,5,9
Івано-Франківська,Надвірнянський район,549,114625,0.00478953107960742,0,0,2,5
Івано-Франківська,Рогатинський район,240,38653,0.00620909114428376,0,1,3,6
Івано-Франківська,Рожнятівський район,285,71707,0.00397450737027069,0,0,2,4
Івано-Франківська,Снятинський район,285,63545,0.00448501062239358,0,0,2,4
Івано-Франківська,Тисменицький район,1467,81796,0.0179348623404567,0,2,9,18
Івано-Франківська,Тлумацький район,435,45699,0.0095188078513753,0,1,5,10
Івано-Франківська,Яремче,105,8044,0.0130532073595226,0,1,7,13
Київська,Баришівський район,0,34577,0,0,0,0,0
Київська,Березань,3,16383,0.000183116645303058,0,0,0,0
Київська,Біла Церква,465,209238,0.00222234966879821,0,0,1,2
Київська,Білоцерківський район,75,48440,0.00154830718414533,0,0,1,2
Київська,Богуславський район,3,33318,9.00414190527643e-05,0,0,0,0
Київська,Бориспіль,27,63169,0.000427424844464848,0,0,0,0
Київська,Бориспільський район,15,53619,0.00027975158059643,0,0,0,0
Київська,Бородянський район,264,56967,0.00463426194112381,0,0,2,5
Київська,Бровари,18,108349,0.000166129821225853,0,0,0,0
Київська,Броварський район,9,68688,0.000131027253668763,0,0,0,0
Київська,Буча,3,36284,8.26810715466872e-05,0,0,0,0
Київська,Васильків,3,37507,7.9985069453702e-05,0,0,0,0
Київська,Васильківський район,9,57613,0.000156214743200319,0,0,0,0
Київська,Вишгородський район,0,76347,0,0,0,0,0
Київська,Володарський район,0,16484,0,0,0,0,0
Київська,Ворзель,3,6618,0.000453309156844968,0,0,0,0
Київська,Гостомель,3,16945,0.000177043375627029,0,0,0,0
Київська,Згурівський район,18,15503,0.00116106560020641,0,0,1,1
Київська,Іванківський район,21,29174,0.000719819016932885,0,0,0,1
Київська,Ірпінь,63,100509,0.000626809539444229,0,0,0,1
Київська,Кагарлицький район,3,32346,9.2747171211278e-05,0,0,0,0
Київська,Києво-Святошинський район,420,210123,0.00199882925714938,0,0,1,2
Київська,Коцюбинське,3,16862,0.000177914838097497,0,0,0,0
Київська,Макарівський район,3,35640,8.41750841750842e-05,0,0,0,0
Київська,Миронівський район,15,33114,0.000452980612429788,0,0,0,0
Київська,Обухівський район,21,35278,0.000595271840807302,0,0,0,1
Київська,Переяслав,15,26786,0.000559994026730382,0,0,0,1
Київська,Переяслав-Хмельницький район,3,27019,0.000111032976794108,0,0,0,0
Київська,Поліський район,0,5456,0,0,0,0,0
Київська,Ржищів,6,7323,0.000819336337566571,0,0,0,1
Київська,Рокитнянський район,3,25729,0.000116599945586692,0,0,0,0
Київська,Сквирський район,42,35669,0.0011774930612016,0,0,1,1
Київська,Славутич,0,24784,0,0,0,0,0
Київська,Ставищенський район,0,20983,0,0,0,0,0
Київська,Таращанський район,51,26468,0.00192685507027354,0,0,1,2
Київська,Тетіївський район,6,31001,0.000193542143801813,0,0,0,0
Київська,Фастів,135,45393,0.00297402683233098,0,0,1,3
Київська,Фастівський район,195,30331,0.00642906597210774,0,1,3,6
Київська,Яготинський район,33,31624,0.00104351125727296,0,0,1,1
Кіровоградська,Благовіщенський район,27,21802,0.00123841849371617,0,0,1,1
Кіровоградська,Бобринецький район,69,24702,0.00279329608938547,0,0,1,3
Кіровоградська,Вільшанський район,54,12003,0.0044988752811797,0,0,2,4
Кіровоградська,Власівка,6,7473,0.000802890405459655,0,0,0,1
Кіровоградська,Гайворонський район,48,36171,0.00132702994111305,0,0,1,1
Кіровоградська,Голованівський район,42,29452,0.00142604916474263,0,0,1,1
Кіровоградська,Добровеличківський район,141,32511,0.00433699363292424,0,0,2,4
Кіровоградська,Долинський район,63,32610,0.00193192272309108,0,0,1,2
Кіровоградська,Знам'янка,111,22069,0.00502967964112556,0,1,3,5
Кіровоградська,Знам'янка Друга,0,5090,0,0,0,0,0
Кіровоградська,Знам'янський район,33,21755,0.0015168926683521,0,0,1,2
Кіровоградська,Компаніївський район,66,14694,0.00449162923642303,0,0,2,4
Кіровоградська,Кропивницький,1413,225339,0.0062705523677659,0,1,3,6
Кіровоградська,Кропивницький район,75,36353,0.0020631034577614,0,0,1,2
Кіровоградська,Маловисківський район,96,41251,0.00232721630990764,0,0,1,2
Кіровоградська,Новгородківський район,69,14831,0.00465241723417167,0,0,2,5
Кіровоградська,Новоархангельський район,48,23524,0.00204046930794083,0,0,1,2
Кіровоградська,Новомиргородський район,30,27395,0.00109509034495346,0,0,1,1
Кіровоградська,Новоукраїнський район,153,39968,0.00382806244995997,0,0,2,4
Кіровоградська,Олександрівський район,60,25800,0.00232558139534884,0,0,1,2
Кіровоградська,Олександрійське,6,4679,0.00128232528318017,0,0,1,1
Кіровоградська,Олександрійський район,48,33659,0.00142606732226151,0,0,1,1
Кіровоградська,Олександрія,387,78366,0.00493836612816783,0,0,2,5
Кіровоградська,Онуфріївський район,51,17250,0.00295652173913043,0,0,1,3
Кіровоградська,Пантаївка,3,2627,0.00114198705748002,0,0,1,1
Кіровоградська,Петрівський район,108,22946,0.00470670269327987,0,0,2,5
Кіровоградська,Світловодськ,96,44466,0.0021589529078397,0,0,1,2
Кіровоградська,Світловодський район,9,11397,0.000789681495130297,0,0,0,1
Кіровоградська,Устинівський район,27,12311,0.00219316058809195,0,0,1,2
Луганська,Біловодський район,93,22856,0.00406895344767238,0,0,2,4
Луганська,Білокуракинський район,54,18307,0.00294969137488392,0,0,1,3
Луганська,Борівське,15,5726,0.00261962975899406,0,0,1,3
Луганська,Воронове,0,836,0,0,0,0,0
Луганська,Гірське,24,9436,0.00254345061466723,0,0,1,3
Луганська,Золоте,12,13374,0.000897263346792284,0,0,0,1
Луганська,Кремінський район,108,37753,0.00286069981193548,0,0,1,3
Луганська,Лисичанськ,735,96161,0.00764343132870914,0,1,4,8
Луганська,Марківський район,213,14242,0.0149557646397978,0,1,7,15
Луганська,Метьолкіне,3,785,0.00382165605095541,0,0,2,4
Луганська,Міловський район,108,14885,0.00725562646960027,0,1,4,7
Луганська,Нижнє,3,2258,0.00132860938883968,0,0,1,1
Луганська,Новоайдарський район,72,39700,0.00181360201511335,0,0,1,2
Луганська,Новодружеськ,12,6926,0.00173260179035518,0,0,1,2
Луганська,Новопсковський район,165,33173,0.00497392457721641,0,0,2,5
Луганська,Попаснянський район,117,74028,0.00158048306046361,0,0,1,2
Луганська,Привілля,0,6826,0,0,0,0,0
Луганська,Рубіжне,330,56785,0.00581139385401074,0,1,3,6
Луганська,Сватівський район,183,33302,0.0054951654555282,0,1,3,5
Луганська,Сєвєродонецьк,912,102396,0.00890659791398101,0,1,4,9
Луганська,Сиротине,3,1568,0.00191326530612245,0,0,1,2
Луганська,Слов'яносербський район,3,48102,6.23674691281028e-05,0,0,0,0
Луганська,Станично-Луганський район,108,46672,0.00231402125471375,0,0,1,2
Луганська,Старобільський район,276,42693,0.00646476003091842,0,1,3,6
Луганська,Тошківка,6,3952,0.00151821862348178,0,0,1,2
Луганська,Троїцький район,345,18932,0.0182231143038242,0,2,9,18
Луганська,Щастя,69,11743,0.00587584092650941,0,1,3,6
Львівська,Борислав,114,33186,0.00343518351111915,0,0,2,3
Львівська,Бродівський район,279,57457,0.00485580521085333,0,0,2,5
Львівська,Брюховичі,12,6303,0.00190385530699667,0,0,1,2
Львівська,Буський район,129,45934,0.00280837723690512,0,0,1,3
Львівська,Винники,207,18099,0.0114370959721532,0,1,6,11
Львівська,Гірник,27,2820,0.00957446808510638,0,1,5,10
Львівська,Городоцький район,417,68428,0.00609399660957503,0,1,3,6
Львівська,Дрогобицький район,225,73993,0.00304082818645007,0,0,2,3
Львівська,Дрогобич,510,75396,0.00676428457743116,0,1,3,7
Львівська,Жидачівський район,204,65186,0.00312950633571626,0,0,2,3
Львівська,Жовківський район,963,110223,0.00873683351024741,0,1,4,9
Львівська,Золочівський район,249,68394,0.00364067023423107,0,0,2,4
Львівська,Кам'янка-Бузький район,354,57389,0.00616842948997195,0,1,3,6
Львівська,Львів,3927,724314,0.00542168175680713,0,1,3,5
Львівська,Миколаївський район,813,62537,0.0130003038201385,0,1,7,13
Львівська,Моршин,30,5754,0.00521376433785193,0,1,3,5
Львівська,Мостиський район,300,56206,0.00533750845105505,0,1,3,5
Львівська,Новий Розділ,201,28304,0.00710146975692482,0,1,4,7
Львівська,Перемишлянський район,258,37740,0.0068362480127186,0,1,3,7
Львівська,Пустомитівський район,1716,120872,0.0141968363227216,0,1,7,14
Львівська,Радехівський район,177,46634,0.003795514002659,0,0,2,4
Львівська,Рудне,12,7316,0.00164024056861673,0,0,1,2
Львівська,Самбір,141,34695,0.00406398616515348,0,0,2,4
Львівська,Самбірський район,189,67063,0.00281824553032223,0,0,1,3
Львівська,Сколівський район,99,46996,0.00210656226061793,0,0,1,2
Львівська,Сокальський район,1353,101748,0.013297558674372,0,1,7,13
Львівська,Старосамбірський район,48,76099,0.000630757302986899,0,0,0,1
Львівська,Стебник,57,20511,0.00277899663595144,0,0,1,3
Львівська,Стрий,237,59730,0.00396785534907082,0,0,2,4
Львівська,Стрийський район,159,60912,0.00261032308904649,0,0,1,3
Львівська,Східниця,3,2279,0.00131636682755595,0,0,1,1
Львівська,Трускавець,234,28647,0.00816839459629281,0,1,4,8
Львівська,Турківський район,24,48933,0.000490466556311692,0,0,0,0
Львівська,Червоноград,474,65871,0.00719588286195746,0,1,4,7
Львівська,Яворівський район,948,126115,0.00751694881655632,0,1,4,8
м. Київ,Голосіївський район,561,253977,0.00220886143233442,0,0,1,2
м. Київ,Дарницький район,648,347743,0.00186344513045554,0,0,1,2
м. Київ,Деснянський район,2799,368988,0.00758561254024521,0,1,4,8
м. Київ,Дніпровський район,657,358244,0.00183394557899086,0,0,1,2
м. Київ,Оболонський район,2535,318805,0.00795156914101096,0,1,4,8
м. Київ,Печерський район,1635,163184,0.0100193646435925,0,1,5,10
м. Київ,Подільський район,357,208448,0.00171265735339269,0,0,1,2
м. Київ,Святошинський район,816,342432,0.0023829548640314,0,0,1,2
м. Київ,Солом'янський район,747,383183,0.00194946017960087,0,0,1,2
м. Київ,Шевченківський район,447,218485,0.00204590704167334,0,0,1,2
Миколаївська,Арбузинський район,12,19269,0.000622761949244901,0,0,0,1
Миколаївська,Баштанський район,27,36507,0.000739584189333552,0,0,0,1
Миколаївська,Березанський район,72,22422,0.00321113192400321,0,0,2,3
Миколаївська,Березнегуватський район,12,19344,0.000620347394540943,0,0,0,1
Миколаївська,Братський район,27,17129,0.00157627415494191,0,0,1,2
Миколаївська,Веселинівський район,84,22091,0.00380245348784573,0,0,2,4
Миколаївська,Вітовський район,162,49432,0.00327722932513352,0,0,2,3
Миколаївська,Вознесенськ,114,34404,0.00331356818974538,0,0,2,3
Миколаївська,Вознесенський район,54,29241,0.00184672206832872,0,0,1,2
Миколаївська,Врадіївський район,30,16836,0.00178189593727726,0,0,1,2
Миколаївська,Доманівський район,12,24447,0.000490857773959995,0,0,0,0
Миколаївська,Єланецький район,27,14863,0.00181659153602907,0,0,1,2
Миколаївська,Казанківський район,111,18540,0.00598705501618123,0,1,3,6
Миколаївська,Кривоозерський район,24,23825,0.00100734522560336,0,0,1,1
Миколаївська,Миколаїв,3453,480080,0.00719255124145976,0,1,4,7
Миколаївська,Миколаївський район,63,29389,0.00214365919221477,0,0,1,2
Миколаївська,Новобузький район,24,29851,0.000803993166058089,0,0,0,1
Миколаївська,Новоодеський район,117,32239,0.00362914482459133,0,0,2,4
Миколаївська,Очаків,45,14036,0.00320604160729553,0,0,2,3
Миколаївська,Очаківський район,30,14832,0.00202265372168285,0,0,1,2
Миколаївська,Первомайськ,213,64103,0.00332277740511365,0,0,2,3
Миколаївська,Первомайський район,96,28729,0.00334157123464096,0,0,2,3
Миколаївська,Снігурівський район,30,38849,0.000772220649180159,0,0,0,1
Миколаївська,Южноукраїнськ,45,39404,0.00114201603898081,0,0,1,1
Одеська,Ананьївський район,153,25393,0.00602528255818533,0,1,3,6
Одеська,Арцизький район,552,43774,0.012610225247864,0,1,6,13
Одеська,Балтський район,420,8164,0.0514453699167075,1,5,26,51
Одеська,Березівський район,441,32760,0.0134615384615385,0,1,7,13
Одеська,Білгород-Дністровський,174,48674,0.00357480379668817,0,0,2,4
Одеська,Білгород-Дністровський район,54,59349,0.000909872112419754,0,0,0,1
Одеська,Біляївський район,597,81171,0.00735484347858225,0,1,4,7
Одеська,Болградський район,474,66666,0.00711007110071101,0,1,4,7
Одеська,Великомихайлівський район,72,30166,0.00238679307830007,0,0,1,2
Одеська,Затока,0,1761,0,0,0,0,0
Одеська,Захарівський район,183,19824,0.00923123486682809,0,1,5,9
Одеська,Іванівський район,225,25743,0.00874024006526046,0,1,4,9
Одеська,Ізмаїльський район,1398,121867,0.0114715222332543,0,1,6,11
Одеська,Кілійський район,267,50386,0.00529909101734609,0,1,3,5
Одеська,Кодимський район,96,28282,0.00339438512127855,0,0,2,3
Одеська,Лиманський район,855,72605,0.0117760484815095,0,1,6,12
Одеська,Любашівський район,189,29253,0.00646087580760948,0,1,3,6
Одеська,Миколаївський район,93,15399,0.00603935320475356,0,1,3,6
Одеська,Овідіопольський район,828,87551,0.00945734486185195,0,1,5,9
Одеська,Одеса,6243,1017699,0.00613442678041346,0,1,3,6
Одеська,Окнянський район,102,19606,0.00520248903396919,0,1,3,5
Одеська,Олександрівка,6,7612,0.000788229111928534,0,0,0,1
Одеська,Подільськ,453,40023,0.0113184918671764,0,1,6,11
Одеська,Подільський район,540,25524,0.0211565585331453,0,2,11,21
Одеська,Ренійський район,237,36117,0.00656200681119694,0,1,3,7
Одеська,Роздільнянський район,207,57209,0.00361831180408677,0,0,2,4
Одеська,Савранський район,261,18167,0.0143667088677272,0,1,7,14
Одеська,Саратський район,372,44171,0.00842181521812954,0,1,4,8
Одеська,Сергіївка,3,5333,0.000562535158447403,0,0,0,1
Одеська,Тарутинський район,168,40054,0.00419433764418036,0,0,2,4
Одеська,Татарбунарський район,396,38065,0.0104032575857087,0,1,5,10
Одеська,Теплодар,84,10146,0.00827912477823773,0,1,4,8
Одеська,Чорноморськ,675,58934,0.0114534903451318,0,1,6,11
Одеська,Ширяївський район,105,26325,0.00398860398860399,0,0,2,4
Одеська,Южне,159,32724,0.00485881921525486,0,0,2,5
Полтавська,Великобагачанський район,123,23456,0.00524386084583902,0,1,3,5
Полтавська,Гадяцький район,117,27508,0.00425330812854442,0,0,2,4
Полтавська,Глобинський район,135,41270,0.00327114126484129,0,0,2,3
Полтавська,Горішні Плавні,330,50816,0.00649401763224181,0,1,3,6
Полтавська,Гребінківський район,51,21601,0.00236100180547197,0,0,1,2
Полтавська,Диканський район,162,18118,0.00894138425874821,0,1,4,9
Полтавська,Зіньківський район,261,32763,0.00796630345206483,0,1,4,8
Полтавська,Карлівський район,129,32539,0.00396447340114939,0,0,2,4
Полтавська,Кобеляцький район,51,40172,0.00126954097381261,0,0,1,1
Полтавська,Козельщинський район,42,18380,0.00228509249183896,0,0,1,2
Полтавська,Котелевський район,192,18950,0.010131926121372,0,1,5,10
Полтавська,Кременчук,1578,219022,0.00720475568664335,0,1,4,7
Полтавська,Кременчуцький район,111,38814,0.00285979285824702,0,0,1,3
Полтавська,Лохвицький район,291,40617,0.00716448777605436,0,1,4,7
Полтавська,Лубенський район,48,30260,0.0015862524785195,0,0,1,2
Полтавська,Лубни,225,45032,0.00499644697104281,0,0,2,5
Полтавська,Машівський район,66,18686,0.00353205608476935,0,0,2,4
Полтавська,Миргород,198,39099,0.0050640681347349,0,1,3,5
Полтавська,Миргородський район,24,29743,0.000806912550852301,0,0,0,1
Полтавська,Новосанжарський район,57,32824,0.00173653424323666,0,0,1,2
Полтавська,Оржицький район,42,22741,0.00184688448177301,0,0,1,2
Полтавська,Пирятинський район,45,30195,0.0014903129657228,0,0,1,1
Полтавська,Полтава,5493,286649,0.0191628088707792,0,2,10,19
Полтавська,Полтавський район,453,68174,0.00664476193270162,0,1,3,7
Полтавська,Решетилівський район,66,25336,0.00260498894853173,0,0,1,3
Полтавська,Семенівський район,12,23722,0.000505859539667819,0,0,0,1
Полтавська,Хорольський район,141,32705,0.00431126739030729,0,0,2,4
Полтавська,Чорнухинський район,24,10568,0.00227100681302044,0,0,1,2
Полтавська,Чутівський район,42,22082,0.00190200163028711,0,0,1,2
Полтавська,Шишацький район,114,19413,0.00587235357749961,0,1,3,6
Рівненська,Березнівський район,261,63716,0.00409630234164103,0,0,2,4
Рівненська,Вараш,270,42246,0.0063911376224968,0,1,3,6
Рівненська,Володимирецький район,345,65501,0.00526709515885254,0,1,3,5
Рівненська,Гощанський район,246,34401,0.00715095491410133,0,1,4,7
Рівненська,Демидівський район,228,14057,0.0162196770292381,0,2,8,16
Рівненська,Дубенський район,204,44352,0.0045995670995671,0,0,2,5
Рівненська,Дубно,282,37464,0.00752722613709161,0,1,4,8
Рівненська,Дубровицький район,210,46727,0.00449418965480343,0,0,2,4
Рівненська,Зарічненський район,327,34722,0.00941766027302575,0,1,5,9
Рівненська,Здолбунівський район,645,56109,0.011495482008234,0,1,6,11
Рівненська,Корецький район,165,32553,0.00506865726661137,0,1,3,5
Рівненська,Костопільський район,1029,63462,0.0162144275314361,0,2,8,16
Рівненська,Млинівський район,387,36771,0.0105245981887901,0,1,5,11
Рівненська,Острог,303,15457,0.0196027689719868,0,2,10,20
Рівненська,Острозький район,300,27744,0.0108131487889273,0,1,5,11
Рівненська,Радивилівський район,102,36435,0.00279950596953479,0,0,1,3
Рівненська,Рівне,2526,246003,0.0102681674613724,0,1,5,10
Рівненська,Рівненський район,912,92981,0.00980845549090674,0,1,5,10
Рівненська,Рокитнівський район,345,58223,0.0059254933617299,0,1,3,6
Рівненська,Сарненський район,1275,104037,0.0122552553418495,0,1,6,12
Сумська,Білопільський район,231,48264,0.00478617603182496,0,0,2,5
Сумська,Буринський район,66,22962,0.00287431408413901,0,0,1,3
Сумська,Великописарівський район,9,17482,0.000514815238531061,0,0,0,1
Сумська,Глухів,78,32686,0.00238634277672398,0,0,1,2
Сумська,Глухівський район,24,21243,0.00112978392882361,0,0,1,1
Сумська,Конотоп,372,85603,0.00434564209198276,0,0,2,4
Сумська,Конотопський район,24,26838,0.000894254415381176,0,0,0,1
Сумська,Краснопільський район,75,26988,0.00277901289461983,0,0,1,3
Сумська,Кролевецький район,96,36390,0.00263808738664468,0,0,1,3
Сумська,Лебедин,57,24600,0.00231707317073171,0,0,1,2
Сумська,Лебединський район,12,18510,0.000648298217179903,0,0,0,1
Сумська,Липоводолинський район,102,17713,0.00575848247050189,0,1,3,6
Сумська,Недригайлівський район,84,22972,0.00365662545707818,0,0,2,4
Сумська,Охтирка,300,47603,0.0063021238157259,0,1,3,6
Сумська,Охтирський район,69,25234,0.00273440596021241,0,0,1,3
Сумська,Путивльський район,36,26194,0.00137436054058181,0,0,1,1
Сумська,Роменський район,72,30876,0.00233190827827439,0,0,1,2
Сумська,Ромни,213,38947,0.00546897065242509,0,1,3,5
Сумська,Середино-Будський район,12,15561,0.000771158665895508,0,0,0,1
Сумська,Сумський район,5457,264981,0.0205939293760685,0,2,10,21
Сумська,Тростянецький район,87,33413,0.00260377697303445,0,0,1,3
Сумська,Шостка,174,74125,0.00234738617200675,0,0,1,2
Сумська,Шосткинський район,3,19420,0.000154479917610711,0,0,0,0
Сумська,Ямпільський район,18,22412,0.000803141174370873,0,0,0,1
Тернопільська,Бережанський район,390,20453,0.0190681073681123,0,2,10,19
Тернопільська,Борщівський район,579,64966,0.00891235415448081,0,1,4,9
Тернопільська,Бучацький район,372,62242,0.00597667170078082,0,1,3,6
Тернопільська,Гусятинський район,645,57964,0.0111275964391691,0,1,6,11
Тернопільська,Заліщицький район,663,44966,0.0147444736022773,0,1,7,15
Тернопільська,Збаразький район,447,55844,0.00800444094262589,0,1,4,8
Тернопільська,Зборівський район,303,39947,0.00758505019150374,0,1,4,8
Тернопільська,Козівський район,321,36394,0.00882013518711876,0,1,4,9
Тернопільська,Кременецький район,567,45884,0.0123572487141487,0,1,6,12
Тернопільська,Лановецький район,144,28410,0.00506863780359029,0,1,3,5
Тернопільська,Монастириський район,552,25889,0.0213217969021592,0,2,11,21
Тернопільська,Підволочиський район,582,40668,0.0143110061965181,0,1,7,14
Тернопільська,Підгаєцький район,306,17534,0.0174518079160488,0,2,9,17
Тернопільська,Теребовлянський район,660,62962,0.0104825132619675,0,1,5,10
Тернопільська,Тернопіль,2274,223462,0.0101762268305126,0,1,5,10
Тернопільська,Тернопільський район,1074,67199,0.0159823806901888,0,2,8,16
Тернопільська,Чортківський район,885,42832,0.0206621217781098,0,2,10,21
Тернопільська,Шумський район,420,32625,0.0128735632183908,0,1,6,13
Харківська,Балаклійський район,555,78337,0.00708477475522422,0,1,4,7
Харківська,Барвінківський район,198,20087,0.00985712152138199,0,1,5,10
Харківська,Близнюківський район,54,17799,0.0030338783077701,0,0,2,3
Харківська,Богодухівський район,405,37563,0.0107818864307963,0,1,5,11
Харківська,Борівський район,147,15972,0.00920360631104433,0,1,5,9
Харківська,Валківський район,273,30791,0.00886622714429541,0,1,4,9
Харківська,Великобурлуцький район,108,21256,0.00508091832894242,0,1,3,5
Харківська,Вовчанський район,255,44448,0.00573704103671706,0,1,3,6
Харківська,Дворічанський район,54,16568,0.00325929502655722,0,0,2,3
Харківська,Дергачівський район,228,92829,0.00245612901140807,0,0,1,2
Харківська,Зачепилівський район,147,14491,0.0101442274515216,0,1,5,10
Харківська,Зміївський район,441,69135,0.00637882403992189,0,1,3,6
Харківська,Золочівський район,198,24739,0.00800355713650511,0,1,4,8
Харківська,Ізюм,12,46653,0.000257218185325703,0,0,0,0
Харківська,Ізюмський район,63,16416,0.00383771929824561,0,0,2,4
Харківська,Кегичівський район,120,20353,0.0058959367169459,0,1,3,6
Харківська,Ківшарівка,9,18496,0.00048659169550173,0,0,0,0
Харківська,Коломацький район,30,6677,0.0044930357945185,0,0,2,4
Харківська,Красноградський район,189,43034,0.00439187619091881,0,0,2,4
Харківська,Краснокутський район,216,26907,0.00802765079719032,0,1,4,8
Харківська,Куп'янськ,60,27584,0.00217517401392111,0,0,1,2
Харківська,Куп'янськ-Вузловий,0,8492,0,0,0,0,0
Харківська,Куп'янський район,9,23180,0.000388265746333046,0,0,0,0
Харківська,Лозівський район,60,27331,0.0021953093556767,0,0,1,2
Харківська,Лозова,99,54618,0.00181258925628914,0,0,1,2
Харківська,Люботин,183,20646,0.00886370241208951,0,1,4,9
Харківська,Нововодолазький район,174,31472,0.00552872394509405,0,1,3,6
Харківська,Панютине,30,7058,0.00425049589118731,0,0,2,4
Харківська,Первомайський,9,29357,0.000306570834894574,0,0,0,0
Харківська,Первомайський район,0,14747,0,0,0,0,0
Харківська,Печенізький район,6,9617,0.000623895185608818,0,0,0,1
Харківська,Сахновщинський район,105,20181,0.00520291363163371,0,1,3,5
Харківська,Слобожанське,3,14017,0.000214025825782978,0,0,0,0
Харківська,Слобожанське,3,2679,0.00111982082866741,0,0,1,1
Харківська,Харків,17949,1443207,0.0124368853532445,0,1,6,12
Харківська,Харківський район,1047,176186,0.00594258340617302,0,1,3,6
Харківська,Чугуїв,312,31861,0.00979253632968206,0,1,5,10
Харківська,Чугуївський район,303,45362,0.00667959966491777,0,1,3,7
Харківська,Шевченківський район,225,19694,0.0114247994312989,0,1,6,11
Херсонська,Антонівка,36,12752,0.00282308657465496,0,0,1,3
Херсонська,Бериславський район,138,45931,0.00300450676014021,0,0,2,3
Херсонська,Білозерський район,336,64790,0.00518598549158821,0,1,3,5
Херсонська,Великолепетиський район,45,15961,0.00281937221978573,0,0,1,3
Херсонська,Великоолександрівський район,261,24494,0.0106556707765167,0,1,5,11
Херсонська,Верхньорогачицький район,30,11217,0.00267451190157796,0,0,1,3
Херсонська,Високопільський район,93,14119,0.00658686875841065,0,1,3,7
Херсонська,Генічеський район,141,58331,0.00241723954672473,0,0,1,2
Херсонська,Голопристанський район,171,44639,0.00383073097515625,0,0,2,4
Херсонська,Горностаївський район,18,18993,0.000947717580161112,0,0,0,1
Херсонська,Дніпряни,15,4089,0.00366837857666911,0,0,2,4
Херсонська,Зеленівка,21,5757,0.00364773319437207,0,0,2,4
Херсонська,Іванівський район,30,13172,0.00227755845733374,0,0,1,2
Херсонська,Каланчацький район,72,21032,0.00342335488779003,0,0,2,3
Херсонська,Каховка,153,35795,0.00427433999161894,0,0,2,4
Херсонська,Каховський район,60,34521,0.00173807247762232,0,0,1,2
Херсонська,Комишани,81,6828,0.0118629173989455,0,1,6,12
Херсонська,Наддніпрянське,0,1070,0,0,0,0,0
Херсонська,Нижньосірогозький район,126,15033,0.00838156056675314,0,1,4,8
Херсонська,Нова Каховка,177,45422,0.00389679010171283,0,0,2,4
Херсонська,Нововоронцовський район,171,20251,0.0084440274554343,0,1,4,8
Херсонська,Новотроїцький район,78,34747,0.00224479811206723,0,0,1,2
Херсонська,Олешківський район,477,70128,0.00680184804928131,0,1,3,7
Херсонська,Скадовський район,54,46043,0.00117281671481007,0,0,1,1
Херсонська,Таврійськ,18,10360,0.00173745173745174,0,0,1,2
Херсонська,Херсон,2226,286958,0.0077572327657706,0,1,4,8
Херсонська,Чаплинський район,132,34149,0.00386541333567601,0,0,2,4
Хмельницька,Білогірський район,348,25403,0.0136991693894422,0,1,7,14
Хмельницька,Віньковецький район,291,22740,0.0127968337730871,0,1,6,13
Хмельницька,Волочиський район,1119,48875,0.0228951406649616,0,2,11,23
Хмельницька,Городоцький район,543,45429,0.0119527174271941,0,1,6,12
Хмельницька,Деражнянський район,249,30458,0.00817519206776545,0,1,4,8
Хмельницька,Дунаєвецький район,660,59576,0.0110782865583456,0,1,6,11
Хмельницька,Ізяславський район,198,41972,0.00471743066806442,0,0,2,5
Хмельницька,Кам'янець-Подільський,1293,98970,0.0130645650197029,0,1,7,13
Хмельницька,Кам'янець-Подільський район,714,63302,0.0112792644782155,0,1,6,11
Хмельницька,Красилівський район,654,49345,0.0132536224541494,0,1,7,13
Хмельницька,Летичівський район,627,26490,0.0236693091732729,0,2,12,24
Хмельницька,Нетішин,480,36746,0.0130626462744244,0,1,7,13
Хмельницька,Новоушицький район,264,26983,0.00978393803505911,0,1,5,10
Хмельницька,Полонський район,411,42648,0.00963702870005627,0,1,5,10
Хмельницька,Славута,1035,35230,0.029378370706784,0,3,15,29
Хмельницька,Славутський район,291,28018,0.0103861803126561,0,1,5,10
Хмельницька,Старокостянтинів,333,34455,0.00966478014801916,0,1,5,10
Хмельницька,Старокостянтинівський район,72,27023,0.00266439699515228,0,0,1,3
Хмельницька,Старосинявський район,228,19093,0.0119415492588907,0,1,6,12
Хмельницька,Теофіпольський район,483,25353,0.0190509998816708,0,2,10,19
Хмельницька,Хмельницький,3156,273713,0.0115303255599844,0,1,6,12
Хмельницька,Хмельницький район,441,52955,0.00832782551222736,0,1,4,8
Хмельницька,Чемеровецький район,234,38770,0.00603559453185453,0,1,3,6
Хмельницька,Шепетівка,579,41189,0.0140571511811406,0,1,7,14
Хмельницька,Шепетівський район,213,32100,0.00663551401869159,0,1,3,7
Хмельницька,Ярмолинецький район,582,27866,0.020885667121223,0,2,10,21
Черкаська,Ватутіне,69,16200,0.00425925925925926,0,0,2,4
Черкаська,Городищенський район,84,38487,0.0021825551484917,0,0,1,2
Черкаська,Драбівський район,54,32932,0.00163974249969634,0,0,1,2
Черкаська,Жашківський район,3,35145,8.53606487409304e-05,0,0,0,0
Черкаська,Звенигородський район,93,42176,0.00220504552352049,0,0,1,2
Черкаська,Золотоніський район,66,39349,0.00167729802536278,0,0,1,2
Черкаська,Золотоноша,84,27664,0.00303643724696356,0,0,2,3
Черкаська,Кам'янський район,9,25767,0.000349283967865875,0,0,0,0
Черкаська,Канів,108,23597,0.00457685298978684,0,0,2,5
Черкаська,Канівський район,69,18587,0.00371227201807715,0,0,2,4
Черкаська,Катеринопільський район,57,23093,0.00246828043129953,0,0,1,2
Черкаська,Корсунь-Шевченківський район,105,40625,0.00258461538461538,0,0,1,3
Черкаська,Лисянський район,84,22202,0.00378344293306909,0,0,2,4
Черкаська,Маньківський район,48,26211,0.00183129220556255,0,0,1,2
Черкаська,Монастирищенський район,114,34817,0.00327426257288106,0,0,2,3
Черкаська,Сміла,201,66972,0.00300125425550977,0,0,2,3
Черкаська,Смілянський район,51,31264,0.00163126919140225,0,0,1,2
Черкаська,Тальнівський район,192,31874,0.00602371839116521,0,1,3,6
Черкаська,Уманський район,18,41994,0.00042863266180883,0,0,0,0
Черкаська,Умань,99,82603,0.00119850368630679,0,0,1,1
Черкаська,Христинівський район,48,33479,0.0014337345798859,0,0,1,1
Черкаська,Черкаси,558,274762,0.00203084851617036,0,0,1,2
Черкаська,Черкаський район,255,73883,0.00345140289376447,0,0,2,3
Черкаська,Чигиринський район,42,25410,0.00165289256198347,0,0,1,2
Черкаська,Чорнобаївський район,15,39346,0.000381233162202003,0,0,0,0
Черкаська,Шполянський район,147,41211,0.00356700880832787,0,0,2,4
Чернівецька,Вижницький район,741,55095,0.0134494963245304,0,1,7,13
Чернівецька,Герцаївський район,138,33175,0.00415975885455916,0,0,2,4
Чернівецька,Глибоцький район,609,74131,0.00821518662907555,0,1,4,8
Чернівецька,Заставнівський район,660,48198,0.0136935142537035,0,1,7,14
Чернівецька,Кельменецький район,414,39157,0.0105728222284649,0,1,5,11
Чернівецька,Кіцманський район,2088,68027,0.030693695150455,0,3,15,31
Чернівецька,Новодністровськ,195,10622,0.0183581246469591,0,2,9,18
Чернівецька,Новоселицький район,873,76744,0.0113754821223809,0,1,6,11
Чернівецька,Путильський район,84,26304,0.00319343065693431,0,0,2,3
Чернівецька,Сокирянський район,486,41686,0.0116585904140479,0,1,6,12
Чернівецька,Сторожинецький район,957,100918,0.0094829465506649,0,1,5,9
Чернівецька,Хотинський район,1200,60515,0.0198297942658845,0,2,10,20
Чернівецька,Чернівці,6153,267060,0.0230397663446417,0,2,12,23
Чернігівська,Бахмацький район,288,42381,0.00679549798258654,0,1,3,7
Чернігівська,Бобровицький район,126,31435,0.00400827103547002,0,0,2,4
Чернігівська,Борзнянський район,45,29500,0.00152542372881356,0,0,1,2
Чернігівська,Варвинський район,147,15186,0.00967996839193994,0,1,5,10
Чернігівська,Городнянський район,15,26850,0.000558659217877095,0,0,0,1
Чернігівська,Ічнянський район,219,29658,0.00738417964798705,0,1,4,7
Чернігівська,Козелецький район,267,42282,0.00631474386263658,0,1,3,6
Чернігівська,Коропський район,117,21620,0.00541165587419056,0,1,3,5
Чернігівська,Корюківський район,102,25422,0.00401227283455275,0,0,2,4
Чернігівська,Куликівський район,177,15730,0.0112523839796567,0,1,6,11
Чернігівська,Менський район,132,33730,0.00391343018084791,0,0,2,4
Чернігівська,Ніжин,663,68007,0.00974899642683841,0,1,5,10
Чернігівська,Ніжинський район,159,25716,0.00618292113859076,0,1,3,6
Чернігівська,Новгород-Сіверський район,111,12340,0.00899513776337115,0,1,4,9
Чернігівська,Носівський район,150,27749,0.00540560020180907,0,1,3,5
Чернігівська,Прилуки,372,53395,0.00696694447045604,0,1,3,7
Чернігівська,Прилуцький район,63,34406,0.00183107597512062,0,0,1,2
Чернігівська,Ріпкинський район,177,25646,0.00690166107775092,0,1,3,7
Чернігівська,Семенівський район,54,16790,0.00321620011911852,0,0,2,3
Чернігівська,Сновський район,57,22405,0.00254407498326266,0,0,1,3
Чернігівська,Сосницький район,111,17377,0.00638775392760546,0,1,3,6
Чернігівська,Срібнянський район,57,10691,0.00533158731643438,0,1,3,5
Чернігівська,Талалаївський район,57,12065,0.0047244094488189,0,0,2,5
Чернігівська,Чернігів,3039,286899,0.0105925778758378,0,1,5,11
Чернігівська,Чернігівський район,399,51152,0.0078002815139193,0,1,4,8
м. Київ,Київ,11202,2963489,0.00378000390755626,0,0,2,4
