"","registration_area","registration_region","tot_number_new_cases","pop_number","prob","infections10","infections100","infections500","infections1000","join"
"1","Автономна Республіка Крим","Бахчисарайський район",NA,NA,NA,-1,-1,-1,-1,"Автономна Республіка КримБахчисарайський район"
"2","Автономна Республіка Крим","Білогірський район",NA,NA,NA,-1,-1,-1,-1,"Автономна Республіка КримБілогірський район"
"3","Автономна Республіка Крим","Джанкойський район",NA,NA,NA,-1,-1,-1,-1,"Автономна Республіка КримДжанкойський район"
"4","Автономна Республіка Крим","Кіровський район",NA,NA,NA,-1,-1,-1,-1,"Автономна Республіка КримКіровський район"
"5","Автономна Республіка Крим","Красногвардійський район",NA,NA,NA,-1,-1,-1,-1,"Автономна Республіка КримКрасногвардійський район"
"6","Автономна Республіка Крим","Красноперекопський район",NA,NA,NA,-1,-1,-1,-1,"Автономна Республіка КримКрасноперекопський район"
"7","Автономна Республіка Крим","Ленінський район",NA,NA,NA,-1,-1,-1,-1,"Автономна Республіка КримЛенінський район"
"8","Автономна Республіка Крим","Нижньогірський район",NA,NA,NA,-1,-1,-1,-1,"Автономна Республіка КримНижньогірський район"
"9","Автономна Республіка Крим","Первомайський район",NA,NA,NA,-1,-1,-1,-1,"Автономна Республіка КримПервомайський район"
"10","Автономна Республіка Крим","Роздольненський район",NA,NA,NA,-1,-1,-1,-1,"Автономна Республіка КримРоздольненський район"
"11","Автономна Республіка Крим","Сакський район",NA,NA,NA,-1,-1,-1,-1,"Автономна Республіка КримСакський район"
"12","Автономна Республіка Крим","Сімферопольський район",NA,NA,NA,-1,-1,-1,-1,"Автономна Республіка КримСімферопольський район"
"13","Автономна Республіка Крим","Совєтський район",NA,NA,NA,-1,-1,-1,-1,"Автономна Республіка КримСовєтський район"
"14","Автономна Республіка Крим","Чорноморський район",NA,NA,NA,-1,-1,-1,-1,"Автономна Республіка КримЧорноморський район"
"15","Автономна Республіка Крим","Ялтинська",NA,NA,NA,-1,-1,-1,-1,"Автономна Республіка КримЯлтинська"
"16","Автономна Республіка Крим","Судацька",NA,NA,NA,-1,-1,-1,-1,"Автономна Республіка КримСудацька"
"17","Автономна Республіка Крим","Феодосійська",NA,NA,NA,-1,-1,-1,-1,"Автономна Республіка КримФеодосійська"
"18","Автономна Республіка Крим","Армянська",NA,NA,NA,-1,-1,-1,-1,"Автономна Республіка КримАрмянська"
"19","Автономна Республіка Крим","Сакська",NA,NA,NA,-1,-1,-1,-1,"Автономна Республіка КримСакська"
"20","Автономна Республіка Крим","Красноперекопська",NA,NA,NA,-1,-1,-1,-1,"Автономна Республіка КримКрасноперекопська"
"21","Автономна Республіка Крим","Керченська",NA,NA,NA,-1,-1,-1,-1,"Автономна Республіка КримКерченська"
"22","Автономна Республіка Крим","Євпаторійська",NA,NA,NA,-1,-1,-1,-1,"Автономна Республіка КримЄвпаторійська"
"23","Автономна Республіка Крим","Джанкойська",NA,NA,NA,-1,-1,-1,-1,"Автономна Республіка КримДжанкойська"
"24","Автономна Республіка Крим","Алуштинська",NA,NA,NA,-1,-1,-1,-1,"Автономна Республіка КримАлуштинська"
"25","Автономна Республіка Крим","Сімферополь",NA,NA,NA,-1,-1,-1,-1,"Автономна Республіка КримСімферополь"
"26","Донецька","Старобешівський район",NA,NA,NA,-1,-1,-1,-1,"ДонецькаСтаробешівський район"
"27","Донецька","Шахтарський район",NA,NA,NA,-1,-1,-1,-1,"ДонецькаШахтарський район"
"28","Донецька","Бойківський район",NA,NA,NA,-1,-1,-1,-1,"ДонецькаБойківський район"
"29","Донецька","Амвросіївський район",NA,NA,NA,-1,-1,-1,-1,"ДонецькаАмвросіївський район"
"30","Донецька","Ясинувата",NA,NA,NA,-1,-1,-1,-1,"ДонецькаЯсинувата"
"31","Донецька","Шахтарськ",NA,NA,NA,-1,-1,-1,-1,"ДонецькаШахтарськ"
"32","Донецька","Харцизьк",NA,NA,NA,-1,-1,-1,-1,"ДонецькаХарцизьк"
"33","Донецька","Торез",NA,NA,NA,-1,-1,-1,-1,"ДонецькаТорез"
"34","Донецька","Сніжне",NA,NA,NA,-1,-1,-1,-1,"ДонецькаСніжне"
"35","Донецька","Макіївка",NA,NA,NA,-1,-1,-1,-1,"ДонецькаМакіївка"
"36","Донецька","Хрестівка",NA,NA,NA,-1,-1,-1,-1,"ДонецькаХрестівка"
"37","Донецька","Жданівка",NA,NA,NA,-1,-1,-1,-1,"ДонецькаЖданівка"
"38","Донецька","Єнакієве",NA,NA,NA,-1,-1,-1,-1,"ДонецькаЄнакієве"
"39","Донецька","Докучаєвськ",NA,NA,NA,-1,-1,-1,-1,"ДонецькаДокучаєвськ"
"40","Донецька","Горлівка",NA,NA,NA,-1,-1,-1,-1,"ДонецькаГорлівка"
"41","Донецька","Донецьк",NA,NA,NA,-1,-1,-1,-1,"ДонецькаДонецьк"
"42","Донецька","Дебальцеве",NA,NA,NA,-1,-1,-1,-1,"ДонецькаДебальцеве"
"43","Луганська","Довжанський район",NA,NA,NA,-1,-1,-1,-1,"ЛуганськаДовжанський район"
"44","Луганська","Красний Луч",NA,NA,NA,-1,-1,-1,-1,"ЛуганськаКрасний Луч"
"45","Луганська","Краснодон",NA,NA,NA,-1,-1,-1,-1,"ЛуганськаКраснодон"
"46","Луганська","Алчевськ",NA,NA,NA,-1,-1,-1,-1,"ЛуганськаАлчевськ"
"47","Луганська","Голубівка",NA,NA,NA,-1,-1,-1,-1,"ЛуганськаГолубівка"
"48","Луганська","Перевальський район",NA,NA,NA,-1,-1,-1,-1,"ЛуганськаПеревальський район"
"49","Луганська","Лутугинський район",NA,NA,NA,-1,-1,-1,-1,"ЛуганськаЛутугинський район"
"50","Луганська","Сорокинський район",NA,NA,NA,-1,-1,-1,-1,"ЛуганськаСорокинський район"
"51","Луганська","Антрацитівський район",NA,NA,NA,-1,-1,-1,-1,"ЛуганськаАнтрацитівський район"
"52","Луганська","Кадіївка",NA,NA,NA,-1,-1,-1,-1,"ЛуганськаКадіївка"
"53","Луганська","Довжанськ",NA,NA,NA,-1,-1,-1,-1,"ЛуганськаДовжанськ"
"54","Луганська","Ровеньки",NA,NA,NA,-1,-1,-1,-1,"ЛуганськаРовеньки"
"55","Луганська","Брянка",NA,NA,NA,-1,-1,-1,-1,"ЛуганськаБрянка"
"56","Луганська","Антрацит",NA,NA,NA,-1,-1,-1,-1,"ЛуганськаАнтрацит"
"57","Луганська","Луганськ",NA,NA,NA,-1,-1,-1,-1,"ЛуганськаЛуганськ"
"58","Луганська","Первомайськ",NA,NA,NA,-1,-1,-1,-1,"ЛуганськаПервомайськ"
"59","Севастопольська","Нахімовський район",NA,NA,NA,-1,-1,-1,-1,"СевастопольськаНахімовський район"
"60","Севастопольська","Севастополь",NA,NA,NA,-1,-1,-1,-1,"СевастопольськаСевастополь"
"61","Вінницька","Барський район",141,50000,0.00282,0,0,1,3,"ВінницькаБарський район"
"62","Вінницька","Бершадський район",279,56776,0.00491404818937579,0,0,2,5,"ВінницькаБершадський район"
"63","Вінницька","Вінницький район",396,81278,0.00487216713009671,0,0,2,5,"ВінницькаВінницький район"
"64","Вінницька","Вінниця",3849,370707,0.0103828630158049,0,1,5,10,"ВінницькаВінниця"
"65","Вінницька","Гайсинський район",225,55331,0.00406643653648045,0,0,2,4,"ВінницькаГайсинський район"
"66","Вінницька","Жмеринка",237,34353,0.0068989607894507,0,1,3,7,"ВінницькаЖмеринка"
"67","Вінницька","Жмеринський район",156,32552,0.00479233226837061,0,0,2,5,"ВінницькаЖмеринський район"
"68","Вінницька","Залізничне",3,975,0.00307692307692308,0,0,2,3,"ВінницькаЗалізничне"
"69","Вінницька","Іллінецький район",330,36249,0.00910369941239758,0,1,5,9,"ВінницькаІллінецький район"
"70","Вінницька","Калинівський район",381,56268,0.00677116656003412,0,1,3,7,"ВінницькаКалинівський район"
"71","Вінницька","Козятин",327,22951,0.0142477451962877,0,1,7,14,"ВінницькаКозятин"
"72","Вінницька","Козятинський район",291,37618,0.00773565846137487,0,1,4,8,"ВінницькаКозятинський район"
"73","Вінницька","Крижопільський район",54,32134,0.00168046306093235,0,0,1,2,"ВінницькаКрижопільський район"
"74","Вінницька","Ладижин",51,22589,0.00225773606622692,0,0,1,2,"ВінницькаЛадижин"
"75","Вінницька","Липовецький район",216,36123,0.00597956980317249,0,1,3,6,"ВінницькаЛиповецький район"
"76","Вінницька","Літинський район",264,33691,0.00783592057225965,0,1,4,8,"ВінницькаЛітинський район"
"77","Вінницька","Могилів-Подільський",78,30389,0.0025667182204087,0,0,1,3,"ВінницькаМогилів-Подільський"
"78","Вінницька","Могилів-Подільський район",51,31793,0.00160412669455541,0,0,1,2,"ВінницькаМогилів-Подільський район"
"79","Вінницька","Мурованокуриловецький район",21,23971,0.000876058570773017,0,0,0,1,"ВінницькаМурованокуриловецький район"
"80","Вінницька","Немирівський район",276,46906,0.00588410864281755,0,1,3,6,"ВінницькаНемирівський район"
"81","Вінницька","Оратівський район",42,19809,0.00212024837195214,0,0,1,2,"ВінницькаОратівський район"
"82","Вінницька","Піщанський район",33,20021,0.00164826931721692,0,0,1,2,"ВінницькаПіщанський район"
"83","Вінницька","Погребищенський район",93,28321,0.00328378235231807,0,0,2,3,"ВінницькаПогребищенський район"
"84","Вінницька","Теплицький район",234,26946,0.00868403473613895,0,1,4,9,"ВінницькаТеплицький район"
"85","Вінницька","Тиврівський район",579,40873,0.0141658307440119,0,1,7,14,"ВінницькаТиврівський район"
"86","Вінницька","Томашпільський район",255,31944,0.00798271975957926,0,1,4,8,"ВінницькаТомашпільський район"
"87","Вінницька","Тростянецький район",54,34304,0.00157416044776119,0,0,1,2,"ВінницькаТростянецький район"
"88","Вінницька","Тульчинський район",132,53426,0.00247070714633325,0,0,1,2,"ВінницькаТульчинський район"
"89","Вінницька","Хмільник",117,27398,0.00427038469961311,0,0,2,4,"ВінницькаХмільник"
"90","Вінницька","Хмільницький район",120,34576,0.0034706154558075,0,0,2,3,"ВінницькаХмільницький район"
"91","Вінницька","Чернівецький район",12,20209,0.000593794843881439,0,0,0,1,"ВінницькаЧернівецький район"
"92","Вінницька","Чечельницький район",33,20120,0.00164015904572565,0,0,1,2,"ВінницькаЧечельницький район"
"93","Вінницька","Шаргородський район",213,55359,0.00384761285427844,0,0,2,4,"ВінницькаШаргородський район"
"94","Вінницька","Ямпільський район",84,38110,0.00220414589346628,0,0,1,2,"ВінницькаЯмпільський район"
"95","Волинська","Благодатне",36,4666,0.00771538791255894,0,1,4,8,"ВолинськаБлагодатне"
"96","Волинська","Володимир-Волинський",786,38340,0.0205007824726135,0,2,10,21,"ВолинськаВолодимир-Волинський"
"97","Волинська","Володимир-Волинський район",270,24545,0.0110002037074761,0,1,6,11,"ВолинськаВолодимир-Волинський район"
"98","Волинська","Горохівський район",552,50220,0.0109916367980884,0,1,5,11,"ВолинськаГорохівський район"
"99","Волинська","Іваничівський район",105,31231,0.00336204412282668,0,0,2,3,"ВолинськаІваничівський район"
"100","Волинська","Камінь-Каширський район",333,63919,0.00520971855003989,0,1,3,5,"ВолинськаКамінь-Каширський район"
"101","Волинська","Ківерцівський район",705,63576,0.0110890902227256,0,1,6,11,"ВолинськаКіверцівський район"
"102","Волинська","Ковель",759,68240,0.0111225087924971,0,1,6,11,"ВолинськаКовель"
"103","Волинська","Ковельський район",210,40395,0.0051986632008912,0,1,3,5,"ВолинськаКовельський район"
"104","Волинська","Локачинський район",261,21586,0.0120911702029093,0,1,6,12,"ВолинськаЛокачинський район"
"105","Волинська","Луцьк",321,217315,0.00147711846858247,0,0,1,1,"ВолинськаЛуцьк"
"106","Волинська","Луцький район",303,66875,0.00453084112149533,0,0,2,5,"ВолинськаЛуцький район"
"107","Волинська","Любешівський район",504,35134,0.0143450788410087,0,1,7,14,"ВолинськаЛюбешівський район"
"108","Волинська","Любомльський район",309,38578,0.00800974648763544,0,1,4,8,"ВолинськаЛюбомльський район"
"109","Волинська","Маневицький район",642,53481,0.0120042631962753,0,1,6,12,"ВолинськаМаневицький район"
"110","Волинська","Нововолинськ",285,51010,0.00558713977651441,0,1,3,6,"ВолинськаНововолинськ"
"111","Волинська","Ратнівський район",501,51817,0.00966864156550939,0,1,5,10,"ВолинськаРатнівський район"
"112","Волинська","Рожищенський район",273,38359,0.00711697385229021,0,1,4,7,"ВолинськаРожищенський район"
"113","Волинська","Старовижівський район",120,29660,0.00404585300067431,0,0,2,4,"ВолинськаСтаровижівський район"
"114","Волинська","Турійський район",318,25889,0.0122832090849395,0,1,6,12,"ВолинськаТурійський район"
"115","Волинська","Шацький район",129,16585,0.00777811275248719,0,1,4,8,"ВолинськаШацький район"
"116","Дніпропетровська","Апостолівський район",66,52509,0.00125692738387705,0,0,1,1,"ДніпропетровськаАпостолівський район"
"117","Дніпропетровська","Васильківський район",30,31093,0.000964847393303959,0,0,0,1,"ДніпропетровськаВасильківський район"
"118","Дніпропетровська","Верхньодніпровський район",18,51469,0.000349725077230955,0,0,0,0,"ДніпропетровськаВерхньодніпровський район"
"119","Дніпропетровська","Вільногірськ",15,22675,0.000661521499448732,0,0,0,1,"ДніпропетровськаВільногірськ"
"120","Дніпропетровська","Дніпро",969,990724,0.00097807260145106,0,0,0,1,"ДніпропетровськаДніпро"
"121","Дніпропетровська","Дніпровський район",111,83879,0.00132333480370534,0,0,1,1,"ДніпропетровськаДніпровський район"
"122","Дніпропетровська","Жовті Води",21,43591,0.00048175082012342,0,0,0,0,"ДніпропетровськаЖовті Води"
"123","Дніпропетровська","Кам’янське",294,231915,0.00126770584050191,0,0,1,1,"ДніпропетровськаКам’янське"
"124","Дніпропетровська","Карнаухівка",12,6645,0.0018058690744921,0,0,1,2,"ДніпропетровськаКарнаухівка"
"125","Дніпропетровська","Кривий Ріг",1077,619278,0.00173912200982434,0,0,1,2,"ДніпропетровськаКривий Ріг"
"126","Дніпропетровська","Криворізький район",72,43807,0.00164357294496313,0,0,1,2,"ДніпропетровськаКриворізький район"
"127","Дніпропетровська","Криничанський район",9,34133,0.0002636744499458,0,0,0,0,"ДніпропетровськаКриничанський район"
"128","Дніпропетровська","Магдалинівський район",0,32844,0,0,0,0,0,"ДніпропетровськаМагдалинівський район"
"129","Дніпропетровська","Марганець",6,46097,0.000130160314120225,0,0,0,0,"ДніпропетровськаМарганець"
"130","Дніпропетровська","Межівський район",15,22579,0.000664334115771292,0,0,0,1,"ДніпропетровськаМежівський район"
"131","Дніпропетровська","Нікополь",63,109122,0.000577335459394073,0,0,0,1,"ДніпропетровськаНікополь"
"132","Дніпропетровська","Нікопольський район",21,38879,0.000540137349211657,0,0,0,1,"ДніпропетровськаНікопольський район"
"133","Дніпропетровська","Новомосковськ",57,70357,0.000810153929246557,0,0,0,1,"ДніпропетровськаНовомосковськ"
"134","Дніпропетровська","Новомосковський район",36,71613,0.000502702023375644,0,0,0,1,"ДніпропетровськаНовомосковський район"
"135","Дніпропетровська","П'ятихатський район",75,43469,0.0017253675032782,0,0,1,2,"ДніпропетровськаП'ятихатський район"
"136","Дніпропетровська","Павлоград",258,104225,0.00247541376828976,0,0,1,2,"ДніпропетровськаПавлоград"
"137","Дніпропетровська","Павлоградський район",39,26723,0.00145941698162631,0,0,1,1,"ДніпропетровськаПавлоградський район"
"138","Дніпропетровська","Першотравенськ",0,27892,0,0,0,0,0,"ДніпропетровськаПершотравенськ"
"139","Дніпропетровська","Петриківський район",42,24479,0.00171575636259651,0,0,1,2,"ДніпропетровськаПетриківський район"
"140","Дніпропетровська","Петропавлівський район",9,25119,0.000358294518093873,0,0,0,0,"ДніпропетровськаПетропавлівський район"
"141","Дніпропетровська","Покров",3,38570,7.7780658542909e-05,0,0,0,0,"ДніпропетровськаПокров"
"142","Дніпропетровська","Покровський район",45,33134,0.00135812156697048,0,0,1,1,"ДніпропетровськаПокровський район"
"143","Дніпропетровська","Синельниківський район",9,36845,0.000244266521916135,0,0,0,0,"ДніпропетровськаСинельниківський район"
"144","Дніпропетровська","Синельникове",90,30321,0.00296823983377857,0,0,1,3,"ДніпропетровськаСинельникове"
"145","Дніпропетровська","Солонянський район",0,37429,0,0,0,0,0,"ДніпропетровськаСолонянський район"
"146","Дніпропетровська","Софіївський район",12,20562,0.000583600817041144,0,0,0,1,"ДніпропетровськаСофіївський район"
"147","Дніпропетровська","Тернівка",30,27635,0.00108557988058621,0,0,1,1,"ДніпропетровськаТернівка"
"148","Дніпропетровська","Томаківський район",36,23749,0.00151585329908628,0,0,1,2,"ДніпропетровськаТомаківський район"
"149","Дніпропетровська","Царичанський район",18,26079,0.000690210514206833,0,0,0,1,"ДніпропетровськаЦаричанський район"
"150","Дніпропетровська","Широківський район",9,25696,0.000350249066002491,0,0,0,0,"ДніпропетровськаШироківський район"
"151","Дніпропетровська","Юр'ївський район",0,12643,0,0,0,0,0,"ДніпропетровськаЮр'ївський район"
"152","Донецька","Авдіївка",171,32436,0.00527192008879023,0,1,3,5,"ДонецькаАвдіївка"
"153","Донецька","Бахмут",837,73212,0.0114325520406491,0,1,6,11,"ДонецькаБахмут"
"154","Донецька","Бахмутський район",198,105040,0.00188499619192689,0,0,1,2,"ДонецькаБахмутський район"
"155","Донецька","Білицьке",63,8047,0.00782900459798683,0,1,4,8,"ДонецькаБілицьке"
"156","Донецька","Білозерське",93,15099,0.006159348301212,0,1,3,6,"ДонецькаБілозерське"
"157","Донецька","Великоновосілківський район",378,37144,0.0101766099504631,0,1,5,10,"ДонецькаВеликоновосілківський район"
"158","Донецька","Вишневе",0,253,0,0,0,0,0,"ДонецькаВишневе"
"159","Донецька","Водянське",3,1436,0.0020891364902507,0,0,1,2,"ДонецькаВодянське"
"160","Донецька","Волноваський район",324,95805,0.00338186942226397,0,0,2,3,"ДонецькаВолноваський район"
"161","Донецька","Вугледар",180,14616,0.0123152709359606,0,1,6,12,"ДонецькаВугледар"
"162","Донецька","Гірник",57,10725,0.00531468531468531,0,1,3,5,"ДонецькаГірник"
"163","Донецька","Добропілля",333,29129,0.0114319063476261,0,1,6,11,"ДонецькаДобропілля"
"164","Донецька","Добропільський район",54,14901,0.00362391785786189,0,0,2,4,"ДонецькаДобропільський район"
"165","Донецька","Дружківка",279,55984,0.00498356673335239,0,0,2,5,"ДонецькаДружківка"
"166","Донецька","Залізне",6,5105,0.00117531831537708,0,0,1,1,"ДонецькаЗалізне"
"167","Донецька","Комишівка",3,388,0.0077319587628866,0,1,4,8,"ДонецькаКомишівка"
"168","Донецька","Комишуваха",0,507,0,0,0,0,0,"ДонецькаКомишуваха"
"169","Донецька","Костянтинівка",423,69817,0.00605869630605726,0,1,3,6,"ДонецькаКостянтинівка"
"170","Донецька","Костянтинівський район",12,17166,0.000699056274030059,0,0,0,1,"ДонецькаКостянтинівський район"
"171","Донецька","Краматорськ",2409,152120,0.0158361819616093,0,2,8,16,"ДонецькаКраматорськ"
"172","Донецька","Красна Гора",0,612,0,0,0,0,0,"ДонецькаКрасна Гора"
"173","Донецька","Курахівка",27,2726,0.0099046221570066,0,1,5,10,"ДонецькаКурахівка"
"174","Донецька","Курдюмівка",6,762,0.0078740157480315,0,1,4,8,"ДонецькаКурдюмівка"
"175","Донецька","Лиман",156,20768,0.0075115562403698,0,1,4,8,"ДонецькаЛиман"
"176","Донецька","Лиманський район",30,21799,0.00137620991788614,0,0,1,1,"ДонецькаЛиманський район"
"177","Донецька","Мангушський район",282,25524,0.0110484250117536,0,1,6,11,"ДонецькаМангушський район"
"178","Донецька","Мар'їнський район",201,79117,0.00254054122375722,0,0,1,3,"ДонецькаМар'їнський район"
"179","Донецька","Маріуполь",3612,436569,0.00827360623406609,0,1,4,8,"ДонецькаМаріуполь"
"180","Донецька","Миколаївка",222,14564,0.0152430650920077,0,2,8,15,"ДонецькаМиколаївка"
"181","Донецька","Мирноград",135,47460,0.00284450063211125,0,0,1,3,"ДонецькаМирноград"
"182","Донецька","Миронівський",27,7472,0.0036134903640257,0,0,2,4,"ДонецькаМиронівський"
"183","Донецька","Неліпівка",6,1013,0.00592300098716683,0,1,3,6,"ДонецькаНеліпівка"
"184","Донецька","Нікольський район",198,27337,0.00724293082635256,0,1,4,7,"ДонецькаНікольський район"
"185","Донецька","Новоазовський район",9,26952,0.000333926981300089,0,0,0,0,"ДонецькаНовоазовський район"
"186","Донецька","Новогродівка",201,14481,0.0138802568883364,0,1,7,14,"ДонецькаНовогродівка"
"187","Донецька","Новодонецьке",39,5734,0.00680153470526683,0,1,3,7,"ДонецькаНоводонецьке"
"188","Донецька","Олександрівський район",111,17615,0.00630144762986091,0,1,3,6,"ДонецькаОлександрівський район"
"189","Донецька","Олексієво-Дружківка",18,7148,0.00251818690542809,0,0,1,3,"ДонецькаОлексієво-Дружківка"
"190","Донецька","Петрівка",6,1040,0.00576923076923077,0,1,3,6,"ДонецькаПетрівка"
"191","Донецька","Південне",3,1458,0.00205761316872428,0,0,1,2,"ДонецькаПівденне"
"192","Донецька","Північне",21,9360,0.00224358974358974,0,0,1,2,"ДонецькаПівнічне"
"193","Донецька","Покровськ",300,61770,0.00485672656629432,0,0,2,5,"ДонецькаПокровськ"
"194","Донецька","Покровський район",111,29449,0.00376922815715304,0,0,2,4,"ДонецькаПокровський район"
"195","Донецька","Райське",0,812,0,0,0,0,0,"ДонецькаРайське"
"196","Донецька","Сартана",66,10240,0.0064453125,0,1,3,6,"ДонецькаСартана"
"197","Донецька","Світлодарськ",33,11421,0.00288941423693197,0,0,1,3,"ДонецькаСвітлодарськ"
"198","Донецька","Святогірськ",66,4369,0.0151064316777295,0,2,8,15,"ДонецькаСвятогірськ"
"199","Донецька","Селидове",219,22276,0.00983120847548932,0,1,5,10,"ДонецькаСелидове"
"200","Донецька","Слов'янський район",2337,45917,0.0508961822418712,1,5,25,51,"ДонецькаСлов'янський район"
"201","Донецька","Соледар",126,10867,0.0115947363577804,0,1,6,12,"ДонецькаСоледар"
"202","Донецька","Старий Крим",27,5858,0.00460908159781495,0,0,2,5,"ДонецькаСтарий Крим"
"203","Донецька","Талаківка",15,3926,0.00382068262862965,0,0,2,4,"ДонецькаТалаківка"
"204","Донецька","Торецьк",564,32027,0.0176101414431573,0,2,9,18,"ДонецькаТорецьк"
"205","Донецька","Українськ",60,11035,0.00543724512913457,0,1,3,5,"ДонецькаУкраїнськ"
"206","Донецька","Цукурине",15,1784,0.00840807174887892,0,1,4,8,"ДонецькаЦукурине"
"207","Донецька","Часів Яр",81,12756,0.00634995296331138,0,1,3,6,"ДонецькаЧасів Яр"
"208","Донецька","Щербинівка",15,3373,0.00444707975096353,0,0,2,4,"ДонецькаЩербинівка"
"209","Донецька","Ясинуватський район",39,25942,0.00150335363503199,0,0,1,2,"ДонецькаЯсинуватський район"
"210","Житомирська","Андрушівський район",429,32030,0.0133936934124259,0,1,7,13,"ЖитомирськаАндрушівський район"
"211","Житомирська","Баранівський район",585,38510,0.0151908595170086,0,2,8,15,"ЖитомирськаБаранівський район"
"212","Житомирська","Бердичів",1260,74839,0.0168361415839335,0,2,8,17,"ЖитомирськаБердичів"
"213","Житомирська","Бердичівський район",837,27587,0.0303403777141407,0,3,15,30,"ЖитомирськаБердичівський район"
"214","Житомирська","Брусилівський район",240,14539,0.0165073251255245,0,2,8,17,"ЖитомирськаБрусилівський район"
"215","Житомирська","Ємільчинський район",537,31615,0.0169856080974221,0,2,8,17,"ЖитомирськаЄмільчинський район"
"216","Житомирська","Житомир",4734,264318,0.0179102444782421,0,2,9,18,"ЖитомирськаЖитомир"
"217","Житомирська","Житомирський район",1218,72213,0.0168667691412903,0,2,8,17,"ЖитомирськаЖитомирський район"
"218","Житомирська","Коростенський район",354,25297,0.0139937542001028,0,1,7,14,"ЖитомирськаКоростенський район"
"219","Житомирська","Коростень",1164,62833,0.0185252972164309,0,2,9,19,"ЖитомирськаКоростень"
"220","Житомирська","Коростишівський район",462,39432,0.0117163724893488,0,1,6,12,"ЖитомирськаКоростишівський район"
"221","Житомирська","Лугинський район",375,15691,0.0238990504110637,0,2,12,24,"ЖитомирськаЛугинський район"
"222","Житомирська","Любарський район",621,26032,0.0238552550706822,0,2,12,24,"ЖитомирськаЛюбарський район"
"223","Житомирська","Малин",528,25831,0.02044055592118,0,2,10,20,"ЖитомирськаМалин"
"224","Житомирська","Малинський район",117,18010,0.00649639089394781,0,1,3,6,"ЖитомирськаМалинський район"
"225","Житомирська","Народицький район",228,9458,0.0241065764432227,0,2,12,24,"ЖитомирськаНародицький район"
"226","Житомирська","Новоград-Волинський",1365,55790,0.0244667503136763,0,2,12,24,"ЖитомирськаНовоград-Волинський"
"227","Житомирська","Новоград-Волинський район",345,43789,0.00787869099545548,0,1,4,8,"ЖитомирськаНовоград-Волинський район"
"228","Житомирська","Овруцький район",885,53916,0.0164144224348987,0,2,8,16,"ЖитомирськаОвруцький район"
"229","Житомирська","Олевський район",396,40721,0.00972471206502787,0,1,5,10,"ЖитомирськаОлевський район"
"230","Житомирська","Попільнянський район",396,30106,0.0131535242144423,0,1,7,13,"ЖитомирськаПопільнянський район"
"231","Житомирська","Пулинський район",483,22193,0.0217636191591943,0,2,11,22,"ЖитомирськаПулинський район"
"232","Житомирська","Радомишльський район",300,36069,0.00831739166597355,0,1,4,8,"ЖитомирськаРадомишльський район"
"233","Житомирська","Романівський район",531,27334,0.019426355454745,0,2,10,19,"ЖитомирськаРоманівський район"
"234","Житомирська","Ружинський район",78,25520,0.0030564263322884,0,0,2,3,"ЖитомирськаРужинський район"
"235","Житомирська","Хорошівський район",489,33828,0.0144554806669032,0,1,7,14,"ЖитомирськаХорошівський район"
"236","Житомирська","Черняхівський район",585,27464,0.0213006117098747,0,2,11,21,"ЖитомирськаЧерняхівський район"
"237","Житомирська","Чуднівський район",780,33247,0.0234607633771468,0,2,12,23,"ЖитомирськаЧуднівський район"
"238","Закарпатська","Берегівський район",450,50196,0.00896485775759025,0,1,4,9,"ЗакарпатськаБерегівський район"
"239","Закарпатська","Берегове",483,23571,0.0204912816596665,0,2,10,20,"ЗакарпатськаБерегове"
"240","Закарпатська","Великоберезнянський район",825,26060,0.0316577129700691,0,3,16,32,"ЗакарпатськаВеликоберезнянський район"
"241","Закарпатська","Виноградівський район",1173,120795,0.00971066683223643,0,1,5,10,"ЗакарпатськаВиноградівський район"
"242","Закарпатська","Воловецький район",156,23709,0.00657977983044414,0,1,3,7,"ЗакарпатськаВоловецький район"
"243","Закарпатська","Іршавський район",429,100294,0.0042774243723453,0,0,2,4,"ЗакарпатськаІршавський район"
"244","Закарпатська","Міжгірський район",174,47360,0.00367398648648649,0,0,2,4,"ЗакарпатськаМіжгірський район"
"245","Закарпатська","Мукачево",654,85796,0.0076227329945452,0,1,4,8,"ЗакарпатськаМукачево"
"246","Закарпатська","Мукачівський район",621,99518,0.00624007717196889,0,1,3,6,"ЗакарпатськаМукачівський район"
"247","Закарпатська","Перечинський район",699,31688,0.0220588235294118,0,2,11,22,"ЗакарпатськаПеречинський район"
"248","Закарпатська","Рахівський район",363,92543,0.00392250089147747,0,0,2,4,"ЗакарпатськаРахівський район"
"249","Закарпатська","Свалявський район",402,54138,0.00742546824781115,0,1,4,7,"ЗакарпатськаСвалявський район"
"250","Закарпатська","Тячівський район",654,175048,0.00373611809332297,0,0,2,4,"ЗакарпатськаТячівський район"
"251","Закарпатська","Ужгород",1491,115512,0.012907749844172,0,1,6,13,"ЗакарпатськаУжгород"
"252","Закарпатська","Ужгородський район",1161,71640,0.0162060301507538,0,2,8,16,"ЗакарпатськаУжгородський район"
"253","Закарпатська","Хуст",168,28321,0.00593199392676812,0,1,3,6,"ЗакарпатськаХуст"
"254","Закарпатська","Хустський район",66,95195,0.000693313724460318,0,0,0,1,"ЗакарпатськаХустський район"
"255","Закарпатська","Чоп",195,8819,0.0221113504932532,0,2,11,22,"ЗакарпатськаЧоп"
"256","Запорізька","Бердянськ",402,109187,0.00368175698572174,0,0,2,4,"ЗапорізькаБердянськ"
"257","Запорізька","Бердянський район",21,24274,0.000865123177061877,0,0,0,1,"ЗапорізькаБердянський район"
"258","Запорізька","Більмацький район",165,20922,0.00788643533123028,0,1,4,8,"ЗапорізькаБільмацький район"
"259","Запорізька","Василівський район",6,60962,9.84219677832092e-05,0,0,0,0,"ЗапорізькаВасилівський район"
"260","Запорізька","Великобілозерський район",6,7644,0.000784929356357928,0,0,0,1,"ЗапорізькаВеликобілозерський район"
"261","Запорізька","Веселівський район",6,20672,0.000290247678018576,0,0,0,0,"ЗапорізькаВеселівський район"
"262","Запорізька","Вільнянський район",174,45621,0.0038140330111133,0,0,2,4,"ЗапорізькаВільнянський район"
"263","Запорізька","Гуляйпільський район",12,25337,0.000473615660891187,0,0,0,0,"ЗапорізькаГуляйпільський район"
"264","Запорізька","Енергодар",9,53343,0.000168719419605197,0,0,0,0,"ЗапорізькаЕнергодар"
"265","Запорізька","Запоріжжя",5310,731922,0.00725487142072516,0,1,4,7,"ЗапорізькаЗапоріжжя"
"266","Запорізька","Запорізький район",180,56364,0.00319352778369172,0,0,2,3,"ЗапорізькаЗапорізький район"
"267","Запорізька","Кам'янсько-Дніпровський район",63,38365,0.00164212172553108,0,0,1,2,"ЗапорізькаКам'янсько-Дніпровський район"
"268","Запорізька","Мелітополь",591,151948,0.00388948850922684,0,0,2,4,"ЗапорізькаМелітополь"
"269","Запорізька","Мелітопольський район",27,48191,0.00056027058994418,0,0,0,1,"ЗапорізькаМелітопольський район"
"270","Запорізька","Михайлівський район",6,27862,0.000215347067690762,0,0,0,0,"ЗапорізькаМихайлівський район"
"271","Запорізька","Нововасилівка",9,2229,0.00403768506056528,0,0,2,4,"ЗапорізькаНововасилівка"
"272","Запорізька","Новомиколаївський район",36,15068,0.00238916910007964,0,0,1,2,"ЗапорізькаНовомиколаївський район"
"273","Запорізька","Оріхівський район",327,44114,0.00741261277598948,0,1,4,7,"ЗапорізькаОріхівський район"
"274","Запорізька","Пологівський район",501,38636,0.0129671808675846,0,1,6,13,"ЗапорізькаПологівський район"
"275","Запорізька","Приазовський район",135,26280,0.00513698630136986,0,1,3,5,"ЗапорізькаПриазовський район"
"276","Запорізька","Приморський район",15,28866,0.000519642485969653,0,0,0,1,"ЗапорізькаПриморський район"
"277","Запорізька","Розівський район",48,8277,0.00579920260964117,0,1,3,6,"ЗапорізькаРозівський район"
"278","Запорізька","Токмак",39,30532,0.0012773483558234,0,0,1,1,"ЗапорізькаТокмак"
"279","Запорізька","Токмацький район",6,21330,0.000281293952180028,0,0,0,0,"ЗапорізькаТокмацький район"
"280","Запорізька","Чернігівський район",42,16145,0.00260142458965624,0,0,1,3,"ЗапорізькаЧернігівський район"
"281","Запорізька","Якимівський район",0,32490,0,0,0,0,0,"ЗапорізькаЯкимівський район"
"282","Івано-Франківська","Богородчанський район",693,68952,0.0100504698920989,0,1,5,10,"Івано-ФранківськаБогородчанський район"
"283","Івано-Франківська","Болехів",87,10399,0.00836618905664006,0,1,4,8,"Івано-ФранківськаБолехів"
"284","Івано-Франківська","Верховинський район",114,30479,0.00374028019291972,0,0,2,4,"Івано-ФранківськаВерховинський район"
"285","Івано-Франківська","Ворохта",21,4235,0.00495867768595041,0,0,2,5,"Івано-ФранківськаВорохта"
"286","Івано-Франківська","Галицький район",573,41948,0.0136597692381043,0,1,7,14,"Івано-ФранківськаГалицький район"
"287","Івано-Франківська","Городенківський район",549,51370,0.010687171500876,0,1,5,11,"Івано-ФранківськаГороденківський район"
"288","Івано-Франківська","Долинський район",471,68266,0.00689948144024844,0,1,3,7,"Івано-ФранківськаДолинський район"
"289","Івано-Франківська","Івано-Франківськ",4704,237686,0.0197908164553234,0,2,10,20,"Івано-ФранківськаІвано-Франківськ"
"290","Івано-Франківська","Калуський район",210,57409,0.00365796303715445,0,0,2,4,"Івано-ФранківськаКалуський район"
"291","Івано-Франківська","Калуш",558,66140,0.00843664953129725,0,1,4,8,"Івано-ФранківськаКалуш"
"292","Івано-Франківська","Коломийський район",999,96573,0.0103445062284489,0,1,5,10,"Івано-ФранківськаКоломийський район"
"293","Івано-Франківська","Косівський район",843,86615,0.00973272527853143,0,1,5,10,"Івано-ФранківськаКосівський район"
"294","Івано-Франківська","Надвірнянський район",744,114625,0.0064907306434024,0,1,3,6,"Івано-ФранківськаНадвірнянський район"
"295","Івано-Франківська","Рогатинський район",405,38653,0.0104778413059788,0,1,5,10,"Івано-ФранківськаРогатинський район"
"296","Івано-Франківська","Рожнятівський район",297,71707,0.00414185504901892,0,0,2,4,"Івано-ФранківськаРожнятівський район"
"297","Івано-Франківська","Снятинський район",234,63545,0.00368242977417578,0,0,2,4,"Івано-ФранківськаСнятинський район"
"298","Івано-Франківська","Тисменицький район",1632,81796,0.0199520758961318,0,2,10,20,"Івано-ФранківськаТисменицький район"
"299","Івано-Франківська","Тлумацький район",660,45699,0.0144423291538108,0,1,7,14,"Івано-ФранківськаТлумацький район"
"300","Івано-Франківська","Яремче",99,8044,0.0123073097961213,0,1,6,12,"Івано-ФранківськаЯремче"
"301","Київська","Баришівський район",150,34577,0.00433814385285016,0,0,2,4,"КиївськаБаришівський район"
"302","Київська","Березань",93,16383,0.0056766160043948,0,1,3,6,"КиївськаБерезань"
"303","Київська","Біла Церква",1110,209238,0.00530496372551831,0,1,3,5,"КиївськаБіла Церква"
"304","Київська","Білоцерківський район",93,48440,0.00191990090834021,0,0,1,2,"КиївськаБілоцерківський район"
"305","Київська","Богуславський район",135,33318,0.00405186385737439,0,0,2,4,"КиївськаБогуславський район"
"306","Київська","Бориспіль",306,63169,0.00484414823726828,0,0,2,5,"КиївськаБориспіль"
"307","Київська","Бориспільський район",210,53619,0.00391652212835003,0,0,2,4,"КиївськаБориспільський район"
"308","Київська","Бородянський район",318,56967,0.00558217915635368,0,1,3,6,"КиївськаБородянський район"
"309","Київська","Бровари",390,108349,0.00359947945989349,0,0,2,4,"КиївськаБровари"
"310","Київська","Броварський район",438,68688,0.00637665967854647,0,1,3,6,"КиївськаБроварський район"
"311","Київська","Буча",45,36284,0.00124021607320031,0,0,1,1,"КиївськаБуча"
"312","Київська","Васильків",234,37507,0.00623883541738875,0,1,3,6,"КиївськаВасильків"
"313","Київська","Васильківський район",216,57613,0.00374915383680767,0,0,2,4,"КиївськаВасильківський район"
"314","Київська","Вишгородський район",129,76347,0.0016896538174388,0,0,1,2,"КиївськаВишгородський район"
"315","Київська","Володарський район",33,16484,0.00200194127638923,0,0,1,2,"КиївськаВолодарський район"
"316","Київська","Ворзель",12,6618,0.00181323662737987,0,0,1,2,"КиївськаВорзель"
"317","Київська","Гостомель",87,16945,0.00513425789318383,0,1,3,5,"КиївськаГостомель"
"318","Київська","Згурівський район",63,15503,0.00406372960072244,0,0,2,4,"КиївськаЗгурівський район"
"319","Київська","Іванківський район",75,29174,0.00257078220333173,0,0,1,3,"КиївськаІванківський район"
"320","Київська","Ірпінь",363,100509,0.00361161687013103,0,0,2,4,"КиївськаІрпінь"
"321","Київська","Кагарлицький район",120,32346,0.00370988684845112,0,0,2,4,"КиївськаКагарлицький район"
"322","Київська","Києво-Святошинський район",1119,210123,0.00532545223511943,0,1,3,5,"КиївськаКиєво-Святошинський район"
"323","Київська","Коцюбинське",99,16862,0.00587118965721741,0,1,3,6,"КиївськаКоцюбинське"
"324","Київська","Макарівський район",186,35640,0.00521885521885522,0,1,3,5,"КиївськаМакарівський район"
"325","Київська","Миронівський район",285,33114,0.00860663163616597,0,1,4,9,"КиївськаМиронівський район"
"326","Київська","Обухівський район",393,35278,0.0111400873065367,0,1,6,11,"КиївськаОбухівський район"
"327","Київська","Переяслав",174,26786,0.00649593071007243,0,1,3,6,"КиївськаПереяслав"
"328","Київська","Переяслав-Хмельницький район",150,27019,0.00555164883970539,0,1,3,6,"КиївськаПереяслав-Хмельницький район"
"329","Київська","Поліський район",12,5456,0.00219941348973607,0,0,1,2,"КиївськаПоліський район"
"330","Київська","Ржищів",48,7323,0.00655469070053257,0,1,3,7,"КиївськаРжищів"
"331","Київська","Рокитнянський район",57,25729,0.00221539896614715,0,0,1,2,"КиївськаРокитнянський район"
"332","Київська","Сквирський район",57,35669,0.00159802629734503,0,0,1,2,"КиївськаСквирський район"
"333","Київська","Славутич",81,24784,0.0032682375726275,0,0,2,3,"КиївськаСлавутич"
"334","Київська","Ставищенський район",6,20983,0.000285945765619787,0,0,0,0,"КиївськаСтавищенський район"
"335","Київська","Таращанський район",135,26468,0.00510049871542995,0,1,3,5,"КиївськаТаращанський район"
"336","Київська","Тетіївський район",36,31001,0.00116125286281088,0,0,1,1,"КиївськаТетіївський район"
"337","Київська","Фастів",330,45393,0.00726984336792016,0,1,4,7,"КиївськаФастів"
"338","Київська","Фастівський район",192,30331,0.00633015726484455,0,1,3,6,"КиївськаФастівський район"
"339","Київська","Яготинський район",141,31624,0.00445863900834809,0,0,2,4,"КиївськаЯготинський район"
"340","Кіровоградська","Благовіщенський район",36,21802,0.00165122465828823,0,0,1,2,"КіровоградськаБлаговіщенський район"
"341","Кіровоградська","Бобринецький район",57,24702,0.00230750546514452,0,0,1,2,"КіровоградськаБобринецький район"
"342","Кіровоградська","Вільшанський район",69,12003,0.00574856285928518,0,1,3,6,"КіровоградськаВільшанський район"
"343","Кіровоградська","Власівка",6,7473,0.000802890405459655,0,0,0,1,"КіровоградськаВласівка"
"344","Кіровоградська","Гайворонський район",36,36171,0.000995272455834785,0,0,0,1,"КіровоградськаГайворонський район"
"345","Кіровоградська","Голованівський район",33,29452,0.00112046720086921,0,0,1,1,"КіровоградськаГолованівський район"
"346","Кіровоградська","Добровеличківський район",69,32511,0.00212235858632463,0,0,1,2,"КіровоградськаДобровеличківський район"
"347","Кіровоградська","Долинський район",45,32610,0.00137994480220791,0,0,1,1,"КіровоградськаДолинський район"
"348","Кіровоградська","Знам'янка",138,22069,0.00625311522950745,0,1,3,6,"КіровоградськаЗнам'янка"
"349","Кіровоградська","Знам'янка Друга",3,5090,0.000589390962671906,0,0,0,1,"КіровоградськаЗнам'янка Друга"
"350","Кіровоградська","Знам'янський район",39,21755,0.00179269133532521,0,0,1,2,"КіровоградськаЗнам'янський район"
"351","Кіровоградська","Компаніївський район",42,14694,0.00285830951408738,0,0,1,3,"КіровоградськаКомпаніївський район"
"352","Кіровоградська","Кропивницький",1410,225339,0.00625723909309973,0,1,3,6,"КіровоградськаКропивницький"
"353","Кіровоградська","Кропивницький район",93,36353,0.00255824828762413,0,0,1,3,"КіровоградськаКропивницький район"
"354","Кіровоградська","Маловисківський район",81,41251,0.00196358876148457,0,0,1,2,"КіровоградськаМаловисківський район"
"355","Кіровоградська","Новгородківський район",99,14831,0.00667520733598544,0,1,3,7,"КіровоградськаНовгородківський район"
"356","Кіровоградська","Новоархангельський район",54,23524,0.00229552797143343,0,0,1,2,"КіровоградськаНовоархангельський район"
"357","Кіровоградська","Новомиргородський район",51,27395,0.00186165358642088,0,0,1,2,"КіровоградськаНовомиргородський район"
"358","Кіровоградська","Новоукраїнський район",132,39968,0.00330264211369095,0,0,2,3,"КіровоградськаНовоукраїнський район"
"359","Кіровоградська","Олександрівський район",99,25800,0.00383720930232558,0,0,2,4,"КіровоградськаОлександрівський район"
"360","Кіровоградська","Олександрійське",6,4679,0.00128232528318017,0,0,1,1,"КіровоградськаОлександрійське"
"361","Кіровоградська","Олександрійський район",48,33659,0.00142606732226151,0,0,1,1,"КіровоградськаОлександрійський район"
"362","Кіровоградська","Олександрія",351,78366,0.00447898323252431,0,0,2,4,"КіровоградськаОлександрія"
"363","Кіровоградська","Онуфріївський район",72,17250,0.00417391304347826,0,0,2,4,"КіровоградськаОнуфріївський район"
"364","Кіровоградська","Пантаївка",0,2627,0,0,0,0,0,"КіровоградськаПантаївка"
"365","Кіровоградська","Петрівський район",87,22946,0.0037915105029199,0,0,2,4,"КіровоградськаПетрівський район"
"366","Кіровоградська","Світловодськ",75,44466,0.00168668195924976,0,0,1,2,"КіровоградськаСвітловодськ"
"367","Кіровоградська","Світловодський район",15,11397,0.00131613582521716,0,0,1,1,"КіровоградськаСвітловодський район"
"368","Кіровоградська","Устинівський район",24,12311,0.00194947607830396,0,0,1,2,"КіровоградськаУстинівський район"
"369","Луганська","Біловодський район",69,22856,0.00301890094504725,0,0,2,3,"ЛуганськаБіловодський район"
"370","Луганська","Білокуракинський район",54,18307,0.00294969137488392,0,0,1,3,"ЛуганськаБілокуракинський район"
"371","Луганська","Борівське",9,5726,0.00157177785539644,0,0,1,2,"ЛуганськаБорівське"
"372","Луганська","Воронове",0,836,0,0,0,0,0,"ЛуганськаВоронове"
"373","Луганська","Гірське",15,9436,0.00158965663416702,0,0,1,2,"ЛуганськаГірське"
"374","Луганська","Золоте",15,13374,0.00112157918349035,0,0,1,1,"ЛуганськаЗолоте"
"375","Луганська","Кремінський район",189,37753,0.00500622467088708,0,1,3,5,"ЛуганськаКремінський район"
"376","Луганська","Лисичанськ",684,96161,0.00711307078753341,0,1,4,7,"ЛуганськаЛисичанськ"
"377","Луганська","Марківський район",201,14242,0.0141131863502317,0,1,7,14,"ЛуганськаМарківський район"
"378","Луганська","Метьолкіне",3,785,0.00382165605095541,0,0,2,4,"ЛуганськаМетьолкіне"
"379","Луганська","Міловський район",81,14885,0.0054417198522002,0,1,3,5,"ЛуганськаМіловський район"
"380","Луганська","Нижнє",6,2258,0.00265721877767936,0,0,1,3,"ЛуганськаНижнє"
"381","Луганська","Новоайдарський район",150,39700,0.00377833753148615,0,0,2,4,"ЛуганськаНовоайдарський район"
"382","Луганська","Новодружеськ",18,6926,0.00259890268553278,0,0,1,3,"ЛуганськаНоводружеськ"
"383","Луганська","Новопсковський район",234,33173,0.007053929400416,0,1,4,7,"ЛуганськаНовопсковський район"
"384","Луганська","Попаснянський район",132,74028,0.00178310909385638,0,0,1,2,"ЛуганськаПопаснянський район"
"385","Луганська","Привілля",6,6826,0.000878992089071198,0,0,0,1,"ЛуганськаПривілля"
"386","Луганська","Рубіжне",318,56785,0.00560007044113762,0,1,3,6,"ЛуганськаРубіжне"
"387","Луганська","Сватівський район",234,33302,0.00702660500870819,0,1,4,7,"ЛуганськаСватівський район"
"388","Луганська","Сєвєродонецьк",855,102396,0.0083499355443572,0,1,4,8,"ЛуганськаСєвєродонецьк"
"389","Луганська","Сиротине",0,1568,0,0,0,0,0,"ЛуганськаСиротине"
"390","Луганська","Слов'яносербський район",0,48102,0,0,0,0,0,"ЛуганськаСлов'яносербський район"
"391","Луганська","Станично-Луганський район",75,46672,0.00160695920466232,0,0,1,2,"ЛуганськаСтанично-Луганський район"
"392","Луганська","Старобільський район",249,42693,0.00583233785398075,0,1,3,6,"ЛуганськаСтаробільський район"
"393","Луганська","Тошківка",6,3952,0.00151821862348178,0,0,1,2,"ЛуганськаТошківка"
"394","Луганська","Троїцький район",270,18932,0.0142615677160363,0,1,7,14,"ЛуганськаТроїцький район"
"395","Луганська","Щастя",45,11743,0.00383207016946266,0,0,2,4,"ЛуганськаЩастя"
"396","Львівська","Борислав",165,33186,0.00497197613451455,0,0,2,5,"ЛьвівськаБорислав"
"397","Львівська","Бродівський район",291,57457,0.00506465704787928,0,1,3,5,"ЛьвівськаБродівський район"
"398","Львівська","Брюховичі",30,6303,0.00475963826749167,0,0,2,5,"ЛьвівськаБрюховичі"
"399","Львівська","Буський район",147,45934,0.00320024382810119,0,0,2,3,"ЛьвівськаБуський район"
"400","Львівська","Винники",291,18099,0.0160782363666501,0,2,8,16,"ЛьвівськаВинники"
"401","Львівська","Гірник",24,2820,0.00851063829787234,0,1,4,9,"ЛьвівськаГірник"
"402","Львівська","Городоцький район",408,68428,0.00596247150289355,0,1,3,6,"ЛьвівськаГородоцький район"
"403","Львівська","Дрогобицький район",216,73993,0.00291919505899207,0,0,1,3,"ЛьвівськаДрогобицький район"
"404","Львівська","Дрогобич",651,75396,0.00863441031354449,0,1,4,9,"ЛьвівськаДрогобич"
"405","Львівська","Жидачівський район",195,65186,0.00299143987972878,0,0,1,3,"ЛьвівськаЖидачівський район"
"406","Львівська","Жовківський район",1251,110223,0.0113497182983588,0,1,6,11,"ЛьвівськаЖовківський район"
"407","Львівська","Золочівський район",210,68394,0.00307044477585753,0,0,2,3,"ЛьвівськаЗолочівський район"
"408","Львівська","Кам'янка-Бузький район",360,57389,0.00627297914234435,0,1,3,6,"ЛьвівськаКам'янка-Бузький район"
"409","Львівська","Львів",4956,724314,0.00684233633479403,0,1,3,7,"ЛьвівськаЛьвів"
"410","Львівська","Миколаївський район",918,62537,0.0146793098485696,0,1,7,15,"ЛьвівськаМиколаївський район"
"411","Львівська","Моршин",18,5754,0.00312825860271116,0,0,2,3,"ЛьвівськаМоршин"
"412","Львівська","Мостиський район",288,56206,0.00512400811301285,0,1,3,5,"ЛьвівськаМостиський район"
"413","Львівська","Новий Розділ",153,28304,0.0054055963821368,0,1,3,5,"ЛьвівськаНовий Розділ"
"414","Львівська","Перемишлянський район",375,37740,0.00993640699523052,0,1,5,10,"ЛьвівськаПеремишлянський район"
"415","Львівська","Пустомитівський район",1812,120872,0.0149910649281885,0,1,7,15,"ЛьвівськаПустомитівський район"
"416","Львівська","Радехівський район",252,46634,0.0054037826478535,0,1,3,5,"ЛьвівськаРадехівський район"
"417","Львівська","Рудне",24,7316,0.00328048113723346,0,0,2,3,"ЛьвівськаРудне"
"418","Львівська","Самбір",255,34695,0.00734976221357544,0,1,4,7,"ЛьвівськаСамбір"
"419","Львівська","Самбірський район",165,67063,0.00246037308202735,0,0,1,2,"ЛьвівськаСамбірський район"
"420","Львівська","Сколівський район",54,46996,0.00114903396033705,0,0,1,1,"ЛьвівськаСколівський район"
"421","Львівська","Сокальський район",1284,101748,0.012619412666588,0,1,6,13,"ЛьвівськаСокальський район"
"422","Львівська","Старосамбірський район",9,76099,0.000118266994310043,0,0,0,0,"ЛьвівськаСтаросамбірський район"
"423","Львівська","Стебник",48,20511,0.00234020769343279,0,0,1,2,"ЛьвівськаСтебник"
"424","Львівська","Стрий",87,59730,0.00145655449522853,0,0,1,1,"ЛьвівськаСтрий"
"425","Львівська","Стрийський район",111,60912,0.00182230102442868,0,0,1,2,"ЛьвівськаСтрийський район"
"426","Львівська","Східниця",9,2279,0.00394910048266784,0,0,2,4,"ЛьвівськаСхідниця"
"427","Львівська","Трускавець",141,28647,0.00492198135930464,0,0,2,5,"ЛьвівськаТрускавець"
"428","Львівська","Турківський район",9,48933,0.000183924958616884,0,0,0,0,"ЛьвівськаТурківський район"
"429","Львівська","Червоноград",315,65871,0.00478207405383249,0,0,2,5,"ЛьвівськаЧервоноград"
"430","Львівська","Яворівський район",630,126115,0.00499544066923046,0,0,2,5,"ЛьвівськаЯворівський район"
"431","м. Київ","Голосіївський район",1128,253977,0.00444134705111093,0,0,2,4,"м. КиївГолосіївський район"
"432","м. Київ","Дарницький район",849,347743,0.00244145820332832,0,0,1,2,"м. КиївДарницький район"
"433","м. Київ","Деснянський район",3210,368988,0.00869946990146021,0,1,4,9,"м. КиївДеснянський район"
"434","м. Київ","Дніпровський район",483,358244,0.00134824309688369,0,0,1,1,"м. КиївДніпровський район"
"435","м. Київ","Оболонський район",2922,318805,0.00916547732940198,0,1,5,9,"м. КиївОболонський район"
"436","м. Київ","Печерський район",1809,163184,0.0110856456515345,0,1,6,11,"м. КиївПечерський район"
"437","м. Київ","Подільський район",573,208448,0.00274888701258827,0,0,1,3,"м. КиївПодільський район"
"438","м. Київ","Святошинський район",804,342432,0.00234791141014858,0,0,1,2,"м. КиївСвятошинський район"
"439","м. Київ","Солом'янський район",1512,383183,0.00394589530328851,0,0,2,4,"м. КиївСолом'янський район"
"440","м. Київ","Шевченківський район",1263,218485,0.0057807172117079,0,1,3,6,"м. КиївШевченківський район"
"441","Миколаївська","Арбузинський район",66,19269,0.00342519072084696,0,0,2,3,"МиколаївськаАрбузинський район"
"442","Миколаївська","Баштанський район",63,36507,0.00172569644177829,0,0,1,2,"МиколаївськаБаштанський район"
"443","Миколаївська","Березанський район",75,22422,0.00334492908750334,0,0,2,3,"МиколаївськаБерезанський район"
"444","Миколаївська","Березнегуватський район",60,19344,0.00310173697270471,0,0,2,3,"МиколаївськаБерезнегуватський район"
"445","Миколаївська","Братський район",45,17129,0.00262712359156985,0,0,1,3,"МиколаївськаБратський район"
"446","Миколаївська","Веселинівський район",102,22091,0.00461726494952696,0,0,2,5,"МиколаївськаВеселинівський район"
"447","Миколаївська","Вітовський район",216,49432,0.00436963910017802,0,0,2,4,"МиколаївськаВітовський район"
"448","Миколаївська","Вознесенськ",207,34404,0.0060167422392745,0,1,3,6,"МиколаївськаВознесенськ"
"449","Миколаївська","Вознесенський район",69,29241,0.00235970042064225,0,0,1,2,"МиколаївськаВознесенський район"
"450","Миколаївська","Врадіївський район",48,16836,0.00285103349964362,0,0,1,3,"МиколаївськаВрадіївський район"
"451","Миколаївська","Доманівський район",48,24447,0.00196343109583998,0,0,1,2,"МиколаївськаДоманівський район"
"452","Миколаївська","Єланецький район",12,14863,0.000807374016012918,0,0,0,1,"МиколаївськаЄланецький район"
"453","Миколаївська","Казанківський район",153,18540,0.00825242718446602,0,1,4,8,"МиколаївськаКазанківський район"
"454","Миколаївська","Кривоозерський район",81,23825,0.00339979013641133,0,0,2,3,"МиколаївськаКривоозерський район"
"455","Миколаївська","Миколаїв",4893,480080,0.0101920513247792,0,1,5,10,"МиколаївськаМиколаїв"
"456","Миколаївська","Миколаївський район",78,29389,0.0026540542379802,0,0,1,3,"МиколаївськаМиколаївський район"
"457","Миколаївська","Новобузький район",84,29851,0.00281397608120331,0,0,1,3,"МиколаївськаНовобузький район"
"458","Миколаївська","Новоодеський район",183,32239,0.00567635472564285,0,1,3,6,"МиколаївськаНовоодеський район"
"459","Миколаївська","Очаків",69,14036,0.00491593046451981,0,0,2,5,"МиколаївськаОчаків"
"460","Миколаївська","Очаківський район",21,14832,0.00141585760517799,0,0,1,1,"МиколаївськаОчаківський район"
"461","Миколаївська","Первомайськ",375,64103,0.0058499602202705,0,1,3,6,"МиколаївськаПервомайськ"
"462","Миколаївська","Первомайський район",174,28729,0.00605659786278673,0,1,3,6,"МиколаївськаПервомайський район"
"463","Миколаївська","Снігурівський район",213,38849,0.00548276660917913,0,1,3,5,"МиколаївськаСнігурівський район"
"464","Миколаївська","Южноукраїнськ",174,39404,0.00441579535072581,0,0,2,4,"МиколаївськаЮжноукраїнськ"
"465","Одеська","Ананьївський район",93,25393,0.00366242665301461,0,0,2,4,"ОдеськаАнаньївський район"
"466","Одеська","Арцизький район",777,43774,0.017750262713026,0,2,9,18,"ОдеськаАрцизький район"
"467","Одеська","Балтський район",210,8164,0.0257226849583537,0,3,13,26,"ОдеськаБалтський район"
"468","Одеська","Березівський район",123,32760,0.00375457875457875,0,0,2,4,"ОдеськаБерезівський район"
"469","Одеська","Білгород-Дністровський",330,48674,0.00677980030406377,0,1,3,7,"ОдеськаБілгород-Дністровський"
"470","Одеська","Білгород-Дністровський район",117,59349,0.00197138957690947,0,0,1,2,"ОдеськаБілгород-Дністровський район"
"471","Одеська","Біляївський район",549,81171,0.00676349927929926,0,1,3,7,"ОдеськаБіляївський район"
"472","Одеська","Болградський район",483,66666,0.00724507245072451,0,1,4,7,"ОдеськаБолградський район"
"473","Одеська","Великомихайлівський район",90,30166,0.00298349134787509,0,0,1,3,"ОдеськаВеликомихайлівський район"
"474","Одеська","Затока",45,1761,0.0255536626916525,0,3,13,26,"ОдеськаЗатока"
"475","Одеська","Захарівський район",90,19824,0.00453995157384988,0,0,2,5,"ОдеськаЗахарівський район"
"476","Одеська","Іванівський район",108,25743,0.00419531523132502,0,0,2,4,"ОдеськаІванівський район"
"477","Одеська","Ізмаїльський район",1761,121867,0.0144501792938203,0,1,7,14,"ОдеськаІзмаїльський район"
"478","Одеська","Кілійський район",498,50386,0.0098836978525781,0,1,5,10,"ОдеськаКілійський район"
"479","Одеська","Кодимський район",153,28282,0.00540980128703769,0,1,3,5,"ОдеськаКодимський район"
"480","Одеська","Лиманський район",966,72605,0.013304868810688,0,1,7,13,"ОдеськаЛиманський район"
"481","Одеська","Любашівський район",51,29253,0.00174341093221208,0,0,1,2,"ОдеськаЛюбашівський район"
"482","Одеська","Миколаївський район",66,15399,0.00428599259692188,0,0,2,4,"ОдеськаМиколаївський район"
"483","Одеська","Овідіопольський район",486,87551,0.00555105024500006,0,1,3,6,"ОдеськаОвідіопольський район"
"484","Одеська","Одеса",8667,1017699,0.00851627052792623,0,1,4,9,"ОдеськаОдеса"
"485","Одеська","Окнянський район",24,19606,0.00122411506681628,0,0,1,1,"ОдеськаОкнянський район"
"486","Одеська","Олександрівка",18,7612,0.0023646873357856,0,0,1,2,"ОдеськаОлександрівка"
"487","Одеська","Подільськ",228,40023,0.0056967243834795,0,1,3,6,"ОдеськаПодільськ"
"488","Одеська","Подільський район",99,25524,0.0038787023977433,0,0,2,4,"ОдеськаПодільський район"
"489","Одеська","Ренійський район",216,36117,0.00598056316969848,0,1,3,6,"ОдеськаРенійський район"
"490","Одеська","Роздільнянський район",177,57209,0.00309391878900173,0,0,2,3,"ОдеськаРоздільнянський район"
"491","Одеська","Савранський район",45,18167,0.00247701877029779,0,0,1,2,"ОдеськаСавранський район"
"492","Одеська","Саратський район",330,44171,0.00747096511285685,0,1,4,7,"ОдеськаСаратський район"
"493","Одеська","Сергіївка",9,5333,0.00168760547534221,0,0,1,2,"ОдеськаСергіївка"
"494","Одеська","Тарутинський район",156,40054,0.00389474209816747,0,0,2,4,"ОдеськаТарутинський район"
"495","Одеська","Татарбунарський район",114,38065,0.00299487718376461,0,0,1,3,"ОдеськаТатарбунарський район"
"496","Одеська","Теплодар",21,10146,0.00206978119455943,0,0,1,2,"ОдеськаТеплодар"
"497","Одеська","Чорноморськ",852,58934,0.0144568500356331,0,1,7,14,"ОдеськаЧорноморськ"
"498","Одеська","Ширяївський район",15,26325,0.00056980056980057,0,0,0,1,"ОдеськаШиряївський район"
"499","Одеська","Южне",357,32724,0.0109094242757609,0,1,5,11,"ОдеськаЮжне"
"500","Полтавська","Великобагачанський район",204,23456,0.00869713506139154,0,1,4,9,"ПолтавськаВеликобагачанський район"
"501","Полтавська","Гадяцький район",177,27508,0.00643449178420823,0,1,3,6,"ПолтавськаГадяцький район"
"502","Полтавська","Глобинський район",168,41270,0.00407075357402472,0,0,2,4,"ПолтавськаГлобинський район"
"503","Полтавська","Горішні Плавні",486,50816,0.00956391687657431,0,1,5,10,"ПолтавськаГорішні Плавні"
"504","Полтавська","Гребінківський район",75,21601,0.00347206147863525,0,0,2,3,"ПолтавськаГребінківський район"
"505","Полтавська","Диканський район",237,18118,0.0130809140081687,0,1,7,13,"ПолтавськаДиканський район"
"506","Полтавська","Зіньківський район",360,32763,0.0109880047614687,0,1,5,11,"ПолтавськаЗіньківський район"
"507","Полтавська","Карлівський район",174,32539,0.00534742923875964,0,1,3,5,"ПолтавськаКарлівський район"
"508","Полтавська","Кобеляцький район",45,40172,0.00112018321218759,0,0,1,1,"ПолтавськаКобеляцький район"
"509","Полтавська","Козельщинський район",57,18380,0.00310119695321001,0,0,2,3,"ПолтавськаКозельщинський район"
"510","Полтавська","Котелевський район",315,18950,0.016622691292876,0,2,8,17,"ПолтавськаКотелевський район"
"511","Полтавська","Кременчук",2034,219022,0.00928673831852508,0,1,5,9,"ПолтавськаКременчук"
"512","Полтавська","Кременчуцький район",138,38814,0.00355541814809089,0,0,2,4,"ПолтавськаКременчуцький район"
"513","Полтавська","Лохвицький район",363,40617,0.0089371445453874,0,1,4,9,"ПолтавськаЛохвицький район"
"514","Полтавська","Лубенський район",75,30260,0.00247851949768671,0,0,1,2,"ПолтавськаЛубенський район"
"515","Полтавська","Лубни",291,45032,0.00646207141588204,0,1,3,6,"ПолтавськаЛубни"
"516","Полтавська","Машівський район",63,18686,0.00337150808091619,0,0,2,3,"ПолтавськаМашівський район"
"517","Полтавська","Миргород",312,39099,0.00797974372746106,0,1,4,8,"ПолтавськаМиргород"
"518","Полтавська","Миргородський район",57,29743,0.00191641730827422,0,0,1,2,"ПолтавськаМиргородський район"
"519","Полтавська","Новосанжарський район",135,32824,0.00411284426029734,0,0,2,4,"ПолтавськаНовосанжарський район"
"520","Полтавська","Оржицький район",42,22741,0.00184688448177301,0,0,1,2,"ПолтавськаОржицький район"
"521","Полтавська","Пирятинський район",144,30195,0.00476900149031297,0,0,2,5,"ПолтавськаПирятинський район"
"522","Полтавська","Полтава",4722,286649,0.0164731082264372,0,2,8,16,"ПолтавськаПолтава"
"523","Полтавська","Полтавський район",513,68174,0.00752486285094024,0,1,4,8,"ПолтавськаПолтавський район"
"524","Полтавська","Решетилівський район",135,25336,0.00532838648563309,0,1,3,5,"ПолтавськаРешетилівський район"
"525","Полтавська","Семенівський район",42,23722,0.00177050838883737,0,0,1,2,"ПолтавськаСеменівський район"
"526","Полтавська","Хорольський район",147,32705,0.00449472557712888,0,0,2,4,"ПолтавськаХорольський район"
"527","Полтавська","Чорнухинський район",57,10568,0.00539364118092354,0,1,3,5,"ПолтавськаЧорнухинський район"
"528","Полтавська","Чутівський район",132,22082,0.00597771940947378,0,1,3,6,"ПолтавськаЧутівський район"
"529","Полтавська","Шишацький район",99,19413,0.00509967547519703,0,1,3,5,"ПолтавськаШишацький район"
"530","Рівненська","Березнівський район",363,63716,0.00569715613032833,0,1,3,6,"РівненськаБерезнівський район"
"531","Рівненська","Вараш",393,42246,0.00930265587274535,0,1,5,9,"РівненськаВараш"
"532","Рівненська","Володимирецький район",327,65501,0.00499229019404284,0,0,2,5,"РівненськаВолодимирецький район"
"533","Рівненська","Гощанський район",471,34401,0.0136914624574867,0,1,7,14,"РівненськаГощанський район"
"534","Рівненська","Демидівський район",258,14057,0.018353845059401,0,2,9,18,"РівненськаДемидівський район"
"535","Рівненська","Дубенський район",264,44352,0.00595238095238095,0,1,3,6,"РівненськаДубенський район"
"536","Рівненська","Дубно",369,37464,0.00984945547725817,0,1,5,10,"РівненськаДубно"
"537","Рівненська","Дубровицький район",273,46727,0.00584244655124446,0,1,3,6,"РівненськаДубровицький район"
"538","Рівненська","Зарічненський район",570,34722,0.0164161050630724,0,2,8,16,"РівненськаЗарічненський район"
"539","Рівненська","Здолбунівський район",855,56109,0.0152381970806822,0,2,8,15,"РівненськаЗдолбунівський район"
"540","Рівненська","Корецький район",123,32553,0.00377845359874666,0,0,2,4,"РівненськаКорецький район"
"541","Рівненська","Костопільський район",1347,63462,0.0212253001796351,0,2,11,21,"РівненськаКостопільський район"
"542","Рівненська","Млинівський район",501,36771,0.0136248674226972,0,1,7,14,"РівненськаМлинівський район"
"543","Рівненська","Острог",336,15457,0.0217377240085398,0,2,11,22,"РівненськаОстрог"
"544","Рівненська","Острозький район",336,27744,0.0121107266435986,0,1,6,12,"РівненськаОстрозький район"
"545","Рівненська","Радивилівський район",201,36435,0.00551667352820091,0,1,3,6,"РівненськаРадивилівський район"
"546","Рівненська","Рівне",3282,246003,0.0133413007158449,0,1,7,13,"РівненськаРівне"
"547","Рівненська","Рівненський район",1164,92981,0.0125186866133941,0,1,6,13,"РівненськаРівненський район"
"548","Рівненська","Рокитнівський район",366,58223,0.00628617556635694,0,1,3,6,"РівненськаРокитнівський район"
"549","Рівненська","Сарненський район",1503,104037,0.0144467833559215,0,1,7,14,"РівненськаСарненський район"
"550","Сумська","Білопільський район",120,48264,0.00248632521133764,0,0,1,2,"СумськаБілопільський район"
"551","Сумська","Буринський район",114,22962,0.0049647243271492,0,0,2,5,"СумськаБуринський район"
"552","Сумська","Великописарівський район",21,17482,0.00120123555657247,0,0,1,1,"СумськаВеликописарівський район"
"553","Сумська","Глухів",300,32686,0.00917824144893838,0,1,5,9,"СумськаГлухів"
"554","Сумська","Глухівський район",69,21243,0.00324812879536789,0,0,2,3,"СумськаГлухівський район"
"555","Сумська","Конотоп",189,85603,0.00220786654673318,0,0,1,2,"СумськаКонотоп"
"556","Сумська","Конотопський район",54,26838,0.00201207243460765,0,0,1,2,"СумськаКонотопський район"
"557","Сумська","Краснопільський район",24,26988,0.000889284126278346,0,0,0,1,"СумськаКраснопільський район"
"558","Сумська","Кролевецький район",99,36390,0.00272052761747733,0,0,1,3,"СумськаКролевецький район"
"559","Сумська","Лебедин",216,24600,0.00878048780487805,0,1,4,9,"СумськаЛебедин"
"560","Сумська","Лебединський район",24,18510,0.00129659643435981,0,0,1,1,"СумськаЛебединський район"
"561","Сумська","Липоводолинський район",24,17713,0.0013549370518828,0,0,1,1,"СумськаЛиповодолинський район"
"562","Сумська","Недригайлівський район",114,22972,0.00496256312032039,0,0,2,5,"СумськаНедригайлівський район"
"563","Сумська","Охтирка",333,47603,0.00699535743545575,0,1,3,7,"СумськаОхтирка"
"564","Сумська","Охтирський район",54,25234,0.00213996988190537,0,0,1,2,"СумськаОхтирський район"
"565","Сумська","Путивльський район",96,26194,0.0036649614415515,0,0,2,4,"СумськаПутивльський район"
"566","Сумська","Роменський район",51,30876,0.00165176836377769,0,0,1,2,"СумськаРоменський район"
"567","Сумська","Ромни",297,38947,0.00762574781112794,0,1,4,8,"СумськаРомни"
"568","Сумська","Середино-Будський район",3,15561,0.000192789666473877,0,0,0,0,"СумськаСередино-Будський район"
"569","Сумська","Сумський район",3966,264981,0.0149671108494571,0,1,7,15,"СумськаСумський район"
"570","Сумська","Тростянецький район",180,33413,0.00538712477179541,0,1,3,5,"СумськаТростянецький район"
"571","Сумська","Шостка",159,74125,0.00214502529510961,0,0,1,2,"СумськаШостка"
"572","Сумська","Шосткинський район",6,19420,0.000308959835221421,0,0,0,0,"СумськаШосткинський район"
"573","Сумська","Ямпільський район",126,22412,0.00562198822059611,0,1,3,6,"СумськаЯмпільський район"
"574","Тернопільська","Бережанський район",471,20453,0.0230284065907202,0,2,12,23,"ТернопільськаБережанський район"
"575","Тернопільська","Борщівський район",537,64966,0.00826586214327494,0,1,4,8,"ТернопільськаБорщівський район"
"576","Тернопільська","Бучацький район",312,62242,0.00501269239420327,0,1,3,5,"ТернопільськаБучацький район"
"577","Тернопільська","Гусятинський район",573,57964,0.00988544613898282,0,1,5,10,"ТернопільськаГусятинський район"
"578","Тернопільська","Заліщицький район",498,44966,0.0110750344704888,0,1,6,11,"ТернопільськаЗаліщицький район"
"579","Тернопільська","Збаразький район",357,55844,0.00639280853807034,0,1,3,6,"ТернопільськаЗбаразький район"
"580","Тернопільська","Зборівський район",159,39947,0.0039802738628683,0,0,2,4,"ТернопільськаЗборівський район"
"581","Тернопільська","Козівський район",195,36394,0.00535802604824971,0,1,3,5,"ТернопільськаКозівський район"
"582","Тернопільська","Кременецький район",375,45884,0.00817278354110365,0,1,4,8,"ТернопільськаКременецький район"
"583","Тернопільська","Лановецький район",147,28410,0.00517423442449842,0,1,3,5,"ТернопільськаЛановецький район"
"584","Тернопільська","Монастириський район",453,25889,0.0174977789794894,0,2,9,17,"ТернопільськаМонастириський район"
"585","Тернопільська","Підволочиський район",654,40668,0.0160814399527884,0,2,8,16,"ТернопільськаПідволочиський район"
"586","Тернопільська","Підгаєцький район",261,17534,0.0148853655754534,0,1,7,15,"ТернопільськаПідгаєцький район"
"587","Тернопільська","Теребовлянський район",507,62962,0.00805247609669324,0,1,4,8,"ТернопільськаТеребовлянський район"
"588","Тернопільська","Тернопіль",2244,223462,0.0100419758169174,0,1,5,10,"ТернопільськаТернопіль"
"589","Тернопільська","Тернопільський район",831,67199,0.0123662554502299,0,1,6,12,"ТернопільськаТернопільський район"
"590","Тернопільська","Чортківський район",852,42832,0.019891669779604,0,2,10,20,"ТернопільськаЧортківський район"
"591","Тернопільська","Шумський район",366,32625,0.0112183908045977,0,1,6,11,"ТернопільськаШумський район"
"592","Харківська","Балаклійський район",654,78337,0.00834854538723719,0,1,4,8,"ХарківськаБалаклійський район"
"593","Харківська","Барвінківський район",90,20087,0.00448050978244636,0,0,2,4,"ХарківськаБарвінківський район"
"594","Харківська","Близнюківський район",66,17799,0.00370807348727457,0,0,2,4,"ХарківськаБлизнюківський район"
"595","Харківська","Богодухівський район",579,37563,0.015414104304768,0,2,8,15,"ХарківськаБогодухівський район"
"596","Харківська","Борівський район",243,15972,0.0152141247182569,0,2,8,15,"ХарківськаБорівський район"
"597","Харківська","Валківський район",267,30791,0.00867136500925595,0,1,4,9,"ХарківськаВалківський район"
"598","Харківська","Великобурлуцький район",159,21256,0.00748024087316522,0,1,4,7,"ХарківськаВеликобурлуцький район"
"599","Харківська","Вовчанський район",363,44448,0.00816684665226782,0,1,4,8,"ХарківськаВовчанський район"
"600","Харківська","Дворічанський район",147,16568,0.00887252535007243,0,1,4,9,"ХарківськаДворічанський район"
"601","Харківська","Дергачівський район",168,92829,0.00180977927156384,0,0,1,2,"ХарківськаДергачівський район"
"602","Харківська","Зачепилівський район",243,14491,0.0167690290525154,0,2,8,17,"ХарківськаЗачепилівський район"
"603","Харківська","Зміївський район",453,69135,0.00655239748318507,0,1,3,7,"ХарківськаЗміївський район"
"604","Харківська","Золочівський район",306,24739,0.012369133756417,0,1,6,12,"ХарківськаЗолочівський район"
"605","Харківська","Ізюм",18,46653,0.000385827277988554,0,0,0,0,"ХарківськаІзюм"
"606","Харківська","Ізюмський район",90,16416,0.00548245614035088,0,1,3,5,"ХарківськаІзюмський район"
"607","Харківська","Кегичівський район",135,20353,0.00663292880656414,0,1,3,7,"ХарківськаКегичівський район"
"608","Харківська","Ківшарівка",24,18496,0.00129757785467128,0,0,1,1,"ХарківськаКівшарівка"
"609","Харківська","Коломацький район",96,6677,0.0143777145424592,0,1,7,14,"ХарківськаКоломацький район"
"610","Харківська","Красноградський район",345,43034,0.00801691685643909,0,1,4,8,"ХарківськаКрасноградський район"
"611","Харківська","Краснокутський район",297,26907,0.0110380198461367,0,1,6,11,"ХарківськаКраснокутський район"
"612","Харківська","Куп'янськ",54,27584,0.001957656612529,0,0,1,2,"ХарківськаКуп'янськ"
"613","Харківська","Куп'янський район",15,23180,0.000647109577221743,0,0,0,1,"ХарківськаКуп'янський район"
"614","Харківська","Лозівський район",177,27331,0.00647616259924628,0,1,3,6,"ХарківськаЛозівський район"
"615","Харківська","Лозова",264,54618,0.00483357135010436,0,0,2,5,"ХарківськаЛозова"
"616","Харківська","Люботин",234,20646,0.011333914559721,0,1,6,11,"ХарківськаЛюботин"
"617","Харківська","Нововодолазький район",186,31472,0.00591001525165226,0,1,3,6,"ХарківськаНововодолазький район"
"618","Харківська","Панютине",33,7058,0.00467554548030604,0,0,2,5,"ХарківськаПанютине"
"619","Харківська","Первомайський",84,29357,0.00286132779234935,0,0,1,3,"ХарківськаПервомайський"
"620","Харківська","Первомайський район",3,14747,0.000203431206347054,0,0,0,0,"ХарківськаПервомайський район"
"621","Харківська","Печенізький район",18,9617,0.00187168555682645,0,0,1,2,"ХарківськаПеченізький район"
"622","Харківська","Сахновщинський район",144,20181,0.00713542440909767,0,1,4,7,"ХарківськаСахновщинський район"
"623","Харківська","Слобожанське",3,14017,0.000214025825782978,0,0,0,0,"ХарківськаСлобожанське"
"624","Харківська","Харків",20319,1443207,0.0140790614236211,0,1,7,14,"ХарківськаХарків"
"625","Харківська","Харківський район",1695,176186,0.00962051468334601,0,1,5,10,"ХарківськаХарківський район"
"626","Харківська","Чугуїв",693,31861,0.0217507297322746,0,2,11,22,"ХарківськаЧугуїв"
"627","Харківська","Чугуївський район",576,45362,0.0126978528283585,0,1,6,13,"ХарківськаЧугуївський район"
"628","Харківська","Шевченківський район",297,19694,0.0150807352493145,0,2,8,15,"ХарківськаШевченківський район"
"629","Херсонська","Антонівка",84,12752,0.00658720200752823,0,1,3,7,"ХерсонськаАнтонівка"
"630","Херсонська","Бериславський район",174,45931,0.0037882911323507,0,0,2,4,"ХерсонськаБериславський район"
"631","Херсонська","Білозерський район",441,64790,0.00680660595770952,0,1,3,7,"ХерсонськаБілозерський район"
"632","Херсонська","Великолепетиський район",60,15961,0.0037591629597143,0,0,2,4,"ХерсонськаВеликолепетиський район"
"633","Херсонська","Великоолександрівський район",390,24494,0.0159222666775537,0,2,8,16,"ХерсонськаВеликоолександрівський район"
"634","Херсонська","Верхньорогачицький район",33,11217,0.00294196309173576,0,0,1,3,"ХерсонськаВерхньорогачицький район"
"635","Херсонська","Високопільський район",129,14119,0.00913662440682768,0,1,5,9,"ХерсонськаВисокопільський район"
"636","Херсонська","Генічеський район",144,58331,0.00246867017537844,0,0,1,2,"ХерсонськаГенічеський район"
"637","Херсонська","Голопристанський район",225,44639,0.00504043549362665,0,1,3,5,"ХерсонськаГолопристанський район"
"638","Херсонська","Горностаївський район",36,18993,0.00189543516032222,0,0,1,2,"ХерсонськаГорностаївський район"
"639","Херсонська","Дніпряни",15,4089,0.00366837857666911,0,0,2,4,"ХерсонськаДніпряни"
"640","Херсонська","Зеленівка",39,5757,0.00677436164669099,0,1,3,7,"ХерсонськаЗеленівка"
"641","Херсонська","Іванівський район",30,13172,0.00227755845733374,0,0,1,2,"ХерсонськаІванівський район"
"642","Херсонська","Каланчацький район",78,21032,0.00370863446177254,0,0,2,4,"ХерсонськаКаланчацький район"
"643","Херсонська","Каховка",288,35795,0.00804581645481212,0,1,4,8,"ХерсонськаКаховка"
"644","Херсонська","Каховський район",72,34521,0.00208568697314678,0,0,1,2,"ХерсонськаКаховський район"
"645","Херсонська","Комишани",63,6828,0.00922671353251318,0,1,5,9,"ХерсонськаКомишани"
"646","Херсонська","Наддніпрянське",3,1070,0.00280373831775701,0,0,1,3,"ХерсонськаНаддніпрянське"
"647","Херсонська","Нижньосірогозький район",156,15033,0.0103771702255039,0,1,5,10,"ХерсонськаНижньосірогозький район"
"648","Херсонська","Нова Каховка",225,45422,0.00495354673946546,0,0,2,5,"ХерсонськаНова Каховка"
"649","Херсонська","Нововоронцовський район",138,20251,0.00681447829736803,0,1,3,7,"ХерсонськаНововоронцовський район"
"650","Херсонська","Новотроїцький район",72,34747,0.0020721213342159,0,0,1,2,"ХерсонськаНовотроїцький район"
"651","Херсонська","Олешківський район",723,70128,0.0103097193702943,0,1,5,10,"ХерсонськаОлешківський район"
"652","Херсонська","Скадовський район",132,46043,0.00286688530286906,0,0,1,3,"ХерсонськаСкадовський район"
"653","Херсонська","Таврійськ",24,10360,0.00231660231660232,0,0,1,2,"ХерсонськаТаврійськ"
"654","Херсонська","Херсон",3054,286958,0.0106426724468389,0,1,5,11,"ХерсонськаХерсон"
"655","Херсонська","Чаплинський район",102,34149,0.00298691030484055,0,0,1,3,"ХерсонськаЧаплинський район"
"656","Хмельницька","Білогірський район",420,25403,0.0165334802976026,0,2,8,17,"ХмельницькаБілогірський район"
"657","Хмельницька","Віньковецький район",378,22740,0.016622691292876,0,2,8,17,"ХмельницькаВіньковецький район"
"658","Хмельницька","Волочиський район",1185,48875,0.0242455242966752,0,2,12,24,"ХмельницькаВолочиський район"
"659","Хмельницька","Городоцький район",774,45429,0.0170375751172159,0,2,9,17,"ХмельницькаГородоцький район"
"660","Хмельницька","Деражнянський район",249,30458,0.00817519206776545,0,1,4,8,"ХмельницькаДеражнянський район"
"661","Хмельницька","Дунаєвецький район",603,59576,0.0101215254464885,0,1,5,10,"ХмельницькаДунаєвецький район"
"662","Хмельницька","Ізяславський район",249,41972,0.00593252644620223,0,1,3,6,"ХмельницькаІзяславський район"
"663","Хмельницька","Кам'янець-Подільський",1254,98970,0.0126705062140042,0,1,6,13,"ХмельницькаКам'янець-Подільський"
"664","Хмельницька","Кам'янець-Подільський район",783,63302,0.0123692774319927,0,1,6,12,"ХмельницькаКам'янець-Подільський район"
"665","Хмельницька","Красилівський район",615,49345,0.0124632688215625,0,1,6,12,"ХмельницькаКрасилівський район"
"666","Хмельницька","Летичівський район",723,26490,0.0272933182332956,0,3,14,27,"ХмельницькаЛетичівський район"
"667","Хмельницька","Нетішин",483,36746,0.0131442878136396,0,1,7,13,"ХмельницькаНетішин"
"668","Хмельницька","Новоушицький район",465,26983,0.0172330726753882,0,2,9,17,"ХмельницькаНовоушицький район"
"669","Хмельницька","Полонський район",642,42648,0.015053460889139,0,2,8,15,"ХмельницькаПолонський район"
"670","Хмельницька","Славута",801,35230,0.0227363042861198,0,2,11,23,"ХмельницькаСлавута"
"671","Хмельницька","Славутський район",192,28018,0.00685273752587622,0,1,3,7,"ХмельницькаСлавутський район"
"672","Хмельницька","Старокостянтинів",327,34455,0.00949063996517196,0,1,5,9,"ХмельницькаСтарокостянтинів"
"673","Хмельницька","Старокостянтинівський район",60,27023,0.00222033082929356,0,0,1,2,"ХмельницькаСтарокостянтинівський район"
"674","Хмельницька","Старосинявський район",240,19093,0.0125700518514639,0,1,6,13,"ХмельницькаСтаросинявський район"
"675","Хмельницька","Теофіпольський район",762,25353,0.0300556147201515,0,3,15,30,"ХмельницькаТеофіпольський район"
"676","Хмельницька","Хмельницький",3621,273713,0.0132291853145448,0,1,7,13,"ХмельницькаХмельницький"
"677","Хмельницька","Хмельницький район",417,52955,0.00787461051836465,0,1,4,8,"ХмельницькаХмельницький район"
"678","Хмельницька","Чемеровецький район",339,38770,0.00874387412948156,0,1,4,9,"ХмельницькаЧемеровецький район"
"679","Хмельницька","Шепетівка",633,41189,0.0153681808249775,0,2,8,15,"ХмельницькаШепетівка"
"680","Хмельницька","Шепетівський район",165,32100,0.00514018691588785,0,1,3,5,"ХмельницькаШепетівський район"
"681","Хмельницька","Ярмолинецький район",732,27866,0.0262685710184454,0,3,13,26,"ХмельницькаЯрмолинецький район"
"682","Черкаська","Ватутіне",15,16200,0.000925925925925926,0,0,0,1,"ЧеркаськаВатутіне"
"683","Черкаська","Городищенський район",18,38487,0.000467690388962507,0,0,0,0,"ЧеркаськаГородищенський район"
"684","Черкаська","Драбівський район",21,32932,0.0006376776387708,0,0,0,1,"ЧеркаськаДрабівський район"
"685","Черкаська","Жашківський район",27,35145,0.000768245838668374,0,0,0,1,"ЧеркаськаЖашківський район"
"686","Черкаська","Звенигородський район",21,42176,0.000497913505311077,0,0,0,0,"ЧеркаськаЗвенигородський район"
"687","Черкаська","Золотоніський район",33,39349,0.00083864901268139,0,0,0,1,"ЧеркаськаЗолотоніський район"
"688","Черкаська","Золотоноша",87,27664,0.00314488143435512,0,0,2,3,"ЧеркаськаЗолотоноша"
"689","Черкаська","Кам'янський район",3,25767,0.000116427989288625,0,0,0,0,"ЧеркаськаКам'янський район"
"690","Черкаська","Канів",120,23597,0.00508539221087426,0,1,3,5,"ЧеркаськаКанів"
"691","Черкаська","Канівський район",30,18587,0.00161403131220746,0,0,1,2,"ЧеркаськаКанівський район"
"692","Черкаська","Катеринопільський район",72,23093,0.00311782791322046,0,0,2,3,"ЧеркаськаКатеринопільський район"
"693","Черкаська","Корсунь-Шевченківський район",12,40625,0.000295384615384615,0,0,0,0,"ЧеркаськаКорсунь-Шевченківський район"
"694","Черкаська","Лисянський район",15,22202,0.000675614809476624,0,0,0,1,"ЧеркаськаЛисянський район"
"695","Черкаська","Маньківський район",117,26211,0.00446377475105872,0,0,2,4,"ЧеркаськаМаньківський район"
"696","Черкаська","Монастирищенський район",66,34817,0.00189562570008904,0,0,1,2,"ЧеркаськаМонастирищенський район"
"697","Черкаська","Сміла",39,66972,0.000582332915248163,0,0,0,1,"ЧеркаськаСміла"
"698","Черкаська","Смілянський район",12,31264,0.000383828045035824,0,0,0,0,"ЧеркаськаСмілянський район"
"699","Черкаська","Тальнівський район",102,31874,0.00320010039530652,0,0,2,3,"ЧеркаськаТальнівський район"
"700","Черкаська","Уманський район",3,41994,7.14387769681383e-05,0,0,0,0,"ЧеркаськаУманський район"
"701","Черкаська","Умань",33,82603,0.000399501228768931,0,0,0,0,"ЧеркаськаУмань"
"702","Черкаська","Христинівський район",3,33479,8.96084112428687e-05,0,0,0,0,"ЧеркаськаХристинівський район"
"703","Черкаська","Черкаси",384,274762,0.00139757317241831,0,0,1,1,"ЧеркаськаЧеркаси"
"704","Черкаська","Черкаський район",219,73883,0.00296414601464478,0,0,1,3,"ЧеркаськаЧеркаський район"
"705","Черкаська","Чигиринський район",3,25410,0.000118063754427391,0,0,0,0,"ЧеркаськаЧигиринський район"
"706","Черкаська","Чорнобаївський район",12,39346,0.000304986529761602,0,0,0,0,"ЧеркаськаЧорнобаївський район"
"707","Черкаська","Шполянський район",66,41211,0.00160151415884109,0,0,1,2,"ЧеркаськаШполянський район"
"708","Чернівецька","Вижницький район",819,55095,0.0148652327797441,0,1,7,15,"ЧернівецькаВижницький район"
"709","Чернівецька","Герцаївський район",192,33175,0.00578749058025622,0,1,3,6,"ЧернівецькаГерцаївський район"
"710","Чернівецька","Глибоцький район",921,74131,0.0124239521927399,0,1,6,12,"ЧернівецькаГлибоцький район"
"711","Чернівецька","Заставнівський район",681,48198,0.0141292169799577,0,1,7,14,"ЧернівецькаЗаставнівський район"
"712","Чернівецька","Кельменецький район",639,39157,0.0163189212656741,0,2,8,16,"ЧернівецькаКельменецький район"
"713","Чернівецька","Кіцманський район",2448,68027,0.0359857115557058,0,4,18,36,"ЧернівецькаКіцманський район"
"714","Чернівецька","Новодністровськ",243,10622,0.0228770476369799,0,2,11,23,"ЧернівецькаНоводністровськ"
"715","Чернівецька","Новоселицький район",864,76744,0.01125820911081,0,1,6,11,"ЧернівецькаНовоселицький район"
"716","Чернівецька","Путильський район",129,26304,0.00490419708029197,0,0,2,5,"ЧернівецькаПутильський район"
"717","Чернівецька","Сокирянський район",582,41686,0.0139615218538598,0,1,7,14,"ЧернівецькаСокирянський район"
"718","Чернівецька","Сторожинецький район",1446,100918,0.0143284646941081,0,1,7,14,"ЧернівецькаСторожинецький район"
"719","Чернівецька","Хотинський район",1479,60515,0.0244402214327026,0,2,12,24,"ЧернівецькаХотинський район"
"720","Чернівецька","Чернівці",7536,267060,0.0282183778926084,0,3,14,28,"ЧернівецькаЧернівці"
"721","Чернігівська","Бахмацький район",306,42381,0.0072202166064982,0,1,4,7,"ЧернігівськаБахмацький район"
"722","Чернігівська","Бобровицький район",84,31435,0.00267218069031334,0,0,1,3,"ЧернігівськаБобровицький район"
"723","Чернігівська","Борзнянський район",33,29500,0.00111864406779661,0,0,1,1,"ЧернігівськаБорзнянський район"
"724","Чернігівська","Варвинський район",108,15186,0.00711181351244567,0,1,4,7,"ЧернігівськаВарвинський район"
"725","Чернігівська","Городнянський район",75,26850,0.00279329608938547,0,0,1,3,"ЧернігівськаГороднянський район"
"726","Чернігівська","Ічнянський район",177,29658,0.00596803560590734,0,1,3,6,"ЧернігівськаІчнянський район"
"727","Чернігівська","Козелецький район",315,42282,0.00744997871434653,0,1,4,7,"ЧернігівськаКозелецький район"
"728","Чернігівська","Коропський район",81,21620,0.00374653098982424,0,0,2,4,"ЧернігівськаКоропський район"
"729","Чернігівська","Корюківський район",114,25422,0.00448430493273543,0,0,2,4,"ЧернігівськаКорюківський район"
"730","Чернігівська","Куликівський район",216,15730,0.0137317228226319,0,1,7,14,"ЧернігівськаКуликівський район"
"731","Чернігівська","Менський район",231,33730,0.00684850281648384,0,1,3,7,"ЧернігівськаМенський район"
"732","Чернігівська","Ніжин",726,68007,0.0106753716529181,0,1,5,11,"ЧернігівськаНіжин"
"733","Чернігівська","Ніжинський район",174,25716,0.00676621558562762,0,1,3,7,"ЧернігівськаНіжинський район"
"734","Чернігівська","Новгород-Сіверський район",219,12340,0.0177471636952998,0,2,9,18,"ЧернігівськаНовгород-Сіверський район"
"735","Чернігівська","Носівський район",150,27749,0.00540560020180907,0,1,3,5,"ЧернігівськаНосівський район"
"736","Чернігівська","Прилуки",336,53395,0.00629272403783126,0,1,3,6,"ЧернігівськаПрилуки"
"737","Чернігівська","Прилуцький район",114,34406,0.00331337557402779,0,0,2,3,"ЧернігівськаПрилуцький район"
"738","Чернігівська","Ріпкинський район",219,25646,0.00853934336738673,0,1,4,9,"ЧернігівськаРіпкинський район"
"739","Чернігівська","Семенівський район",45,16790,0.0026801667659321,0,0,1,3,"ЧернігівськаСеменівський район"
"740","Чернігівська","Сновський район",60,22405,0.00267797366659228,0,0,1,3,"ЧернігівськаСновський район"
"741","Чернігівська","Сосницький район",120,17377,0.00690567992173563,0,1,3,7,"ЧернігівськаСосницький район"
"742","Чернігівська","Срібнянський район",45,10691,0.00420914788139557,0,0,2,4,"ЧернігівськаСрібнянський район"
"743","Чернігівська","Талалаївський район",90,12065,0.00745959386655615,0,1,4,7,"ЧернігівськаТалалаївський район"
"744","Чернігівська","Чернігів",2331,286899,0.00812481047337216,0,1,4,8,"ЧернігівськаЧернігів"
"745","Чернігівська","Чернігівський район",432,51152,0.00844541757898029,0,1,4,8,"ЧернігівськаЧернігівський район"
"746","Київська","Київ",14553,2963489,0.00491076565494254,0,0,2,5,"КиївськаКиїв"
